"Hugo_Symbol","logFC","logCPM","LR","PValue","FDR"
"S100A2",4.23806338548831,5.10125548281885,226.940771105456,2.77031044550839e-51,5.22258925187241e-47
"ITGA3",1.75428062663261,9.79617714106308,188.187633017278,7.90571838926743e-43,7.45193015372348e-39
"AHNAK2",3.48438405587224,6.85563426936903,186.794823714013,1.59214417736749e-42,1.00050340105773e-38
"HES2",3.60143303089055,1.06890249629813,181.38369045816,2.4171900825183e-41,1.13922168589088e-37
"LAMA3",4.09681931012159,2.68070257003312,177.517256192573,1.68859077182899e-40,6.36666264610401e-37
"KRT23",6.24706040511852,-1.68842920606618,172.322919814983,2.30057962695246e-39,7.22842118788464e-36
"MMP7",5.81321891657105,4.48332812250947,170.014945549685,7.34348532525798e-39,1.97770550502519e-35
"ANXA2P2",1.83071641692907,7.73919854204032,163.051905659217,2.437147395432e-37,5.74313783733551e-34
"ITGB6",2.4159384582045,5.36003345257972,162.622815859904,3.02428587666823e-37,6.33487081632771e-34
"GPR115",5.06951978740132,0.231742064295491,161.668303161466,4.8882750717598e-37,9.21537616528157e-34
"ALOX5",3.8591396788752,6.47066065865347,160.710381612204,7.91481184257496e-37,1.326458243109e-33
"ARSI",4.30889331728498,0.679478000650943,160.581873439228,8.44340065632716e-37,1.326458243109e-33
"UNC5CL",2.59819964657902,3.00623374886688,158.695520149872,2.18106471662722e-36,3.16287938752741e-33
"SFTPB",5.03189897736645,10.2079556735177,156.350152568192,7.09826197826906e-36,9.55831677245202e-33
"FAP",3.50994877264447,3.3846820224221,154.942696445339,1.44117387234993e-35,1.8112673227694e-32
"DSC2",2.18990958935454,5.01160607454358,152.449440919179,5.05356851404239e-35,5.95436710167045e-32
"ALDH3B2",3.54212712947664,-0.623397361129779,150.235001343291,1.54026089899533e-34,1.70805873340353e-31
"ACTBL2",3.68804253700048,0.451176740859708,148.485262702867,3.71583240806115e-34,3.89171514204271e-31
"ANXA2",1.7433672446267,9.29698499399655,147.41258387198,6.37586577247836e-34,6.32620113382958e-31
"TBC1D2",1.74141607259631,6.61918495687185,146.156962334234,1.19957375331417e-33,1.13071821987394e-30
"CCL20",4.23051182036262,1.12551454538258,145.481816401166,1.68509771153758e-33,1.51273628847173e-30
"P2RY6",2.58315169898029,2.79838104367388,144.903184918685,2.25489945035298e-33,1.93224383809338e-30
"MUC1",3.2501326038156,7.07558787110495,142.924065287438,6.10708132714609e-33,5.00568248605905e-30
"SLPI",4.01771792057501,6.97763441353772,141.439083009136,1.28982454328598e-32,1.01315717875113e-29
"CLCA2",6.45787184417236,1.24888616806192,140.518329188855,2.05054155217999e-32,1.54627237366789e-29
"FN1",3.65275226111149,13.9681818100261,139.690245118654,3.11136164967328e-32,2.25597653152464e-29
"LAMC2",1.61132238025223,7.98624203645361,137.874938165672,7.76140296703768e-32,5.4191840272072e-29
"KRT6A",7.35708080323985,3.40759012825844,136.997944863453,1.20709952727216e-31,8.12722867433382e-29
"PERP",1.6618176055158,8.11465374461025,136.493704711484,1.55606182576439e-31,1.01154750135553e-28
"S100A10",2.39409885013868,7.2353608241901,136.097912462603,1.89930053804207e-31,1.19352045810564e-28
"BEND6",2.97643489402476,1.40975144419357,134.028720786766,5.38508070145345e-31,3.27482391560647e-28
"CD1C",3.66435571530675,2.02560562517029,131.067841428199,2.39287096473766e-30,1.3669819220374e-27
"BEAN1",2.51782138188162,2.92709058969287,130.527680106771,3.14121287411903e-30,1.74171015008506e-27
"CYP2S1",2.95330553649396,4.1790654761064,129.930357666949,4.24409934508614e-30,2.28599316724469e-27
"RUNX1",2.00610893713419,5.89350942623293,129.410473599099,5.51486134829136e-30,2.82473773495365e-27
"CTHRC1",3.38362467973041,4.06227784529292,129.400017367909,5.54398982565696e-30,2.82473773495365e-27
"SFN",3.65552266081868,4.9710888105798,128.484928627218,8.79122645391139e-30,4.36137371339836e-27
"SEMA3C",3.00433972019453,2.85682101910524,128.284962614914,9.72309834030607e-30,4.69999615157564e-27
"LOX",2.96008974026452,4.59199665676451,127.972294697244,1.13820787286544e-29,5.36437370481483e-27
"PNP",2.63264582141701,6.73281970722322,127.705462730429,1.30199651986275e-29,5.98664351035427e-27
"CCL22",3.54517822004639,2.41253063271905,127.585476143051,1.38313833464777e-29,6.20831521066185e-27
"VTCN1",5.30453148897468,2.8661264285779,126.525755660433,2.3591996654819e-29,1.03431702543406e-26
"LDLR",2.41463615088199,5.04270362159292,126.300468538055,2.64281200190271e-29,1.13232481499704e-26
"AMOT",1.65346822342078,5.72944399404128,125.421188373783,4.11617050118539e-29,1.72440102862993e-26
"CD1E",3.80020237123917,1.75960832308366,125.307562640915,4.35873698112394e-29,1.78632412104671e-26
"PROS1",2.26209947834598,8.35547804233857,125.204301395141,4.5915553489214e-29,1.84170215825247e-26
"TM4SF1",2.45422853401531,7.81668703649801,124.790820305698,5.65527004593192e-29,2.22110731053976e-26
"STAC",3.00712854138234,2.70848972380615,124.646876303059,6.08074994013762e-29,2.33947546676478e-26
"GPR153",2.04681737654728,2.83182201209372,124.03195070317,8.28979586991916e-29,3.12558463479432e-26
"TUBB3",2.58068765040786,5.0017334916551,123.787510774964,9.37659188606176e-29,3.4660296124713e-26
"KRT6B",7.96870316879136,1.38864642127374,122.726101495124,1.6009135322954e-28,5.8039272905448e-26
"FLJ42709",2.45566479856562,3.86675385293943,122.656338964458,1.65820473870519e-28,5.89820296869251e-26
"ADAMTS14",3.42075541025741,2.48244583426801,122.06767222759,2.23097015524968e-28,7.78856469754945e-26
"S100B",3.89911160069644,3.16229656422199,121.757658625395,2.6082897707402e-28,8.88977154658626e-26
"CEACAM6",4.74205159748333,4.02697646116221,121.45227286973,3.04232924608049e-28,1.00621036749315e-25
"TNFSF18",3.5991045910462,-1.31408875655954,121.320764097664,3.25083186975054e-28,1.03872343065317e-25
"FOXP3",2.74485787906655,1.28582930645438,121.217868128739,3.42388690988015e-28,1.07578526708434e-25
"CD1B",4.33525900788135,-0.393671407451373,121.043683559044,3.73809565571881e-28,1.15525539838707e-25
"ERBB3",2.05413323517262,6.33781619899339,120.658883372083,4.53825744060582e-28,1.37992305274679e-25
"DHRS9",3.25845183943638,1.6864626083708,120.622002588195,4.62341646233074e-28,1.3835023356803e-25
"CD55",2.5397778746446,8.4474091202861,120.427532272344,5.09960448656928e-28,1.50215224657506e-25
"KRT19",2.76414069888545,8.42469034732441,120.366384662622,5.25924078247806e-28,1.52534164971194e-25
"CDC42EP3",1.84394336629923,5.75374746381226,120.2897896681,5.46627484254168e-28,1.54522568564375e-25
"ENTREZ_729884",5.09870824487856,1.78803904291485,120.280572637616,5.49173143104876e-28,1.54522568564375e-25
"APCDD1L",3.88046048001923,-0.974170168184889,119.942891157496,6.51083384834992e-28,1.80503293689842e-25
"GPR87",4.32355262596989,-0.268094833476168,119.765200865311,7.12095664161573e-28,1.94556919721362e-25
"SYT1",3.86696600076164,3.19185077194721,118.988083745331,1.05360547867364e-27,2.83751006913649e-25
"S100A6",2.00735587189373,11.2042503021496,118.739888950768,1.19404013359602e-27,3.17042881669749e-25
"PODNL1",3.49634865944157,1.58717915456228,118.132484638745,1.62185000635979e-27,4.24654393331871e-25
"MICAL2",1.71171198760151,6.18828292032928,117.648326770378,2.0702438304519e-27,5.34633379338072e-25
"TGM2",2.09373339397096,7.37320374212819,117.395773977086,2.35137374052483e-27,5.99028348059109e-25
"SRPX2",3.01016290831781,1.84448230579059,114.70127765799,9.14919383739564e-27,2.2400078210725e-24
"KCNN4",3.27298717996956,5.71185211157638,114.560939566492,9.82015300557074e-27,2.37345544180794e-24
"FUT3",3.63987745210415,1.05412984989376,114.391806881232,1.06944978868601e-26,2.55205916662134e-24
"CDKN2B",1.93542853798268,3.62891140503212,114.171698793562,1.19499881106576e-26,2.81601469827646e-24
"KCNQ3",2.58948596324935,2.52009406468833,113.366028891791,1.79402428405881e-26,4.17021928738364e-24
"MBOAT2",1.58950480617147,4.9946256118834,113.339045745109,1.81860529025021e-26,4.17021928738364e-24
"FCER1A",3.12771324617275,2.4004503976364,113.320139262871,1.83602907305772e-26,4.17021928738364e-24
"COL1A1",3.33657971138093,10.0176890860178,112.306834528125,3.06078763854678e-26,6.78846688963339e-24
"KRT6C",6.86602593820731,-0.315499375389428,112.252431293491,3.14593779011349e-26,6.8961882813046e-24
"ELF3",2.2425004255349,6.10279019708978,111.431659643654,4.75931781974112e-26,1.02983266291965e-23
"CSF2",3.25593413634329,0.344936309416014,111.411815107363,4.80719681396823e-26,1.02983266291965e-23
"CCL13",3.23680351586031,2.15850611572907,111.2843425572,5.12644770480411e-26,1.08588530484233e-23
"DSC3",4.40198049034235,3.10506163584698,110.910513323333,6.19028429076434e-26,1.29039881384012e-23
"PLAUR",2.39740006935863,4.95162205796233,110.898200799273,6.22885062908186e-26,1.29039881384012e-23
"SLC25A42",-1.50063501850101,5.56194157982693,109.620441496354,1.18670451534301e-25,2.40556489497274e-23
"KRT17",4.73420494269405,5.37007368664688,108.746604623536,1.84417152920373e-25,3.68280033818315e-23
"ITGA2",2.28570769060795,6.34283277552065,108.683838090994,1.90350514477505e-25,3.73800822805201e-23
"CDH6",2.1805239514574,4.7879348758544,108.50726364899,2.08086336156382e-25,4.04416866929909e-23
"C19orf33",2.75813513025808,5.59088982004156,108.425620479075,2.16836663798476e-25,4.1712293733968e-23
"CDH17",3.71224508106649,-2.03156550805603,107.572682690231,3.33449738544997e-25,6.34969138489928e-23
"AIM1L",2.63860133567028,0.283738639047688,107.213503130566,3.9970405353882e-25,7.53522081731383e-23
"SERPINA1",2.77343230833053,10.9233708472455,106.355052534225,6.1640073622485e-25,1.15053333458524e-22
"CCL17",4.09640328934568,2.18925264232155,106.246461732813,6.51120212441723e-25,1.20342335734817e-22
"SERPINB2",4.30427919891667,-0.646098875101442,106.107451592426,6.98435044685297e-25,1.27789216979367e-22
"CTSC",2.00108953910855,8.34671296235691,106.088998636848,7.0496915795959e-25,1.27789216979367e-22
"TNFRSF21",1.85766441356535,5.55147750179304,105.925308054837,7.6567476841535e-25,1.37471435563487e-22
"PKIB",2.08256937528282,1.71591244568636,105.872406742184,7.86390442791775e-25,1.39858798372741e-22
"MANCR",4.02913003104108,-2.34401010418281,105.651660241743,8.79058461262154e-25,1.54426208203088e-22
"ICAM1",1.85981000634706,7.44861037334893,105.639023335462,8.84682287605217e-25,1.54426208203088e-22
"ANXA2P1",1.68614848058328,1.68793302810647,105.278783074517,1.06106216339955e-24,1.8351508169182e-22
"BCAN",-7.30583006321343,1.05762910787145,104.862013382328,1.30944385973317e-24,2.24414869488088e-22
"IBSP",4.05781663881961,-0.784211174431187,104.300303860096,1.73862355143217e-24,2.90057798155746e-22
"RAB27B",4.25164556277612,0.146456296089999,104.038061650561,1.9846657115809e-24,3.28201035041431e-22
"ABCA12",3.56738492154265,-1.02558982200253,103.317615958825,2.85503411628728e-24,4.68026984002155e-22
"AMTN",4.63826830017077,-2.29911730944257,103.197348090391,3.03371920179409e-24,4.9303167579502e-22
"PPL",1.65014628383959,8.51355987429352,102.92471160083,3.48129990928443e-24,5.60935605895984e-22
"VCAN",3.0305118770896,5.71998621225499,102.590764361501,4.12049836416745e-24,6.58301992892244e-22
"IL23A",1.99593601983304,0.345707559069087,102.35398633052,4.64363255779087e-24,7.35645050247677e-22
"NBL1",2.02686859516385,6.70131905638975,101.782760178315,6.19570277504055e-24,9.7334490595887e-22
"ST6GALNAC5",3.84547854534815,3.89570682635135,101.748921229478,6.30245075582264e-24,9.81932245031144e-22
"PVRL4",2.51355336855841,5.02724703789707,101.124932702054,8.63609689067368e-24,1.32363982587789e-21
"FAM83A",3.4019186707179,2.50685197742263,100.607833015262,1.12123449174031e-23,1.70463811599099e-21
"ASPN",2.74822214360633,4.38270370291204,100.514117502958,1.17556065308013e-23,1.77293355454933e-21
"B3GNT3",3.59390913666565,5.49535994921941,100.164598311357,1.40243970383441e-23,2.09831692830844e-21
"PKP1",2.74584661387864,2.23000418284042,100.07827261334,1.46491776667855e-23,2.17453777460032e-21
"ANXA8L2",4.57548192754871,0.331827423127249,99.9121751996498,1.59306925693039e-23,2.34629231497279e-21
"GALNT5",3.3458429840785,1.42589778279831,99.3830586212345,2.08095088403525e-23,2.99466305846049e-21
"TMPRSS4",3.62002473688501,6.12605950489488,99.2608216622207,2.21343802035506e-23,3.13742357591981e-21
"OR13A1",3.15310995143347,-1.45801338391209,99.2042744310328,2.27754939361097e-23,3.18047119765585e-21
"MET",1.78344818456853,9.06450053386273,99.0452936273078,2.46792308976353e-23,3.41623087571382e-21
"CD1A",4.21279617112809,2.76699256133624,99.0335345905105,2.4826205706174e-23,3.41623087571382e-21
"PTPRE",1.9383927274255,6.18194120171068,99.012799128769,2.50875120070567e-23,3.42717229244227e-21
"LOC100126784",2.07786609152133,2.31833392651486,98.759265320263,2.85139756496664e-23,3.86723358955045e-21
"ADAM12",3.223963201693,3.23768670862191,98.6514323722253,3.01096737049477e-23,4.02572743748705e-21
"EPHB3",2.18267269038806,4.58370535445592,98.2222518525755,3.73964040449425e-23,4.89581256288372e-21
"SPTBN2",2.23448607205851,4.32777491498238,98.1269702948781,3.92397859187458e-23,5.10171340786341e-21
"CYP26A1",3.72523461590676,-0.958186581150876,98.0013071900779,4.18106463076707e-23,5.39872811090553e-21
"EBI3",2.24159421009897,2.25442702827541,97.5362355685187,5.28796674604557e-23,6.78154755758171e-21
"SPATA12",2.11058956182277,-1.79488607445318,97.4891341672597,5.41526226173447e-23,6.89787325393366e-21
"HYOU1",-1.56557874629564,7.79476163190228,97.1513485649438,6.42255227172983e-23,8.07186369511005e-21
"DUOXA2",-2.91053844277307,6.07915788964364,97.0921986007893,6.61731113816495e-23,8.26155957461494e-21
"NKX3-2",3.24591465993987,-0.745699476481477,97.0498094850911,6.76050594105962e-23,8.38480644742474e-21
"KCNIP3",-2.2378610505066,5.37639046099407,96.9845809240051,6.98693225364572e-23,8.60899652586464e-21
"PAIP2B",-1.92452024007852,3.73147253226446,96.9585125932747,7.07953000402277e-23,8.66644802830112e-21
"RP1",3.842504501989,-0.957637056756888,96.7753434684765,7.76571839070045e-23,9.44511761945064e-21
"WNT7A",4.09854799596876,-0.834038568055283,96.7257998850185,7.96248995976056e-23,9.58947838238421e-21
"HRH1",1.90467323390746,3.92594123226925,96.6928989057825,8.09591006028038e-23,9.65975294027884e-21
"KATNAL2",-2.57168360395145,2.72657440615768,96.6071507135663,8.4542389220054e-23,1.00092562626419e-20
"CCL7",3.49456088872654,-1.82785233616087,96.5976233126034,8.49501910684652e-23,1.00092562626419e-20
"PRSS22",1.61033992285538,3.48260298825438,96.1516422355119,1.06412572095321e-22,1.2460185149944e-20
"THBS2",2.73199188492421,5.5860388186246,96.0866878996566,1.09961696399848e-22,1.27962833366046e-20
"BTBD11",-2.74317047206578,5.05800540096189,96.0646349387926,1.11193404302671e-22,1.28602334841347e-20
"HLA-DQB2",2.95893010132019,4.66718459143078,95.8608102231543,1.23251176991185e-22,1.41678731014502e-20
"NXN",1.50105320868574,5.97941936061717,95.7722111994027,1.28892281582258e-22,1.46460616275865e-20
"COL3A1",2.81963831230016,9.32389131672359,95.7710961732273,1.28964896572213e-22,1.46460616275865e-20
"GPR110",1.8062473461719,5.20744600284368,95.3739634509232,1.57613037444506e-22,1.7792341209005e-20
"PLAU",2.55775351413074,7.6051879408186,95.3080994633737,1.62945112765469e-22,1.81928310097542e-20
"LRRN4",3.13404142738759,-1.09292676219797,95.3063298419188,1.6309083601997e-22,1.81928310097542e-20
"CDSN",2.67527928452487,4.00136940057191,95.2728375981708,1.65873537254774e-22,1.83943995548647e-20
"HLA-G",2.90557694073943,4.74223004104832,95.2114467760636,1.71098075980562e-22,1.88628124466992e-20
"KRT79",3.5040634440463,-2.64884241666633,95.1283314572921,1.78434669099118e-22,1.95572696619568e-20
"CCDC151",-2.89859767295753,1.89823353361726,94.8100019692934,2.09564103137822e-22,2.2836430476036e-20
"CFTR",4.01065205592352,-0.342064598926942,94.7528513230524,2.15702562621044e-22,2.337025695708e-20
"GRB7",1.5324736837112,5.29163061979746,94.6786498512743,2.23941534300604e-22,2.41242617407714e-20
"CYP46A1",-2.36312912011651,0.511857135275417,94.623381224894,2.30282177799328e-22,2.45270034795081e-20
"IL22RA2",4.16671378404306,-0.982683242143747,94.544983591745,2.39585496831123e-22,2.52347527453169e-20
"LCN2",3.44039378297645,5.68498329318543,94.5448280344092,2.39604325345413e-22,2.52347527453169e-20
"SLC6A14",3.94457184394912,2.06483680942298,94.2243268505902,2.81717036869401e-22,2.91809317530876e-20
"CAPN8",3.49911937575333,-0.234763710726258,94.152009763851,2.92199807988755e-22,2.99377759793697e-20
"EPHX3",2.43272757232702,0.749019662384056,93.7576785437819,3.56615976232164e-22,3.57602360847274e-20
"GNA14",-2.75418965619136,3.68711119303228,93.6907092512589,3.68888405380593e-22,3.67951545938357e-20
"SPRR1B",5.51760624022745,-0.459791491199251,93.4816269146261,4.09988746582664e-22,4.0466533249091e-20
"WNT4",-4.42834589717489,2.58191653180781,93.393599455149,4.28634643476516e-22,4.20865640563504e-20
"COL10A1",3.88585644409016,3.56319030082206,93.3781262729104,4.31998734826356e-22,4.21970992173392e-20
"MACC1",2.18287621963188,4.65306722818964,92.9489194065852,5.36615928435397e-22,5.16136912391026e-20
"KRT16",5.3511216513046,0.836774749445944,92.883118078475,5.54756974848627e-22,5.30877080702858e-20
"NIPAL4",2.59691207328794,0.528662107147326,92.8134920853555,5.74620833384481e-22,5.47108684392133e-20
"CD207",3.71712472701167,2.81812818190808,92.745172638592,5.9480330374146e-22,5.606615941067e-20
"EHF",2.66873485053465,3.97421408610245,92.7256645684906,6.00695307648118e-22,5.63398404964294e-20
"TMEM92",3.62026409151606,2.40165419421512,92.644241943813,6.25924265883655e-22,5.84154666358349e-20
"IL1RL1",3.93862018631824,5.04459649226825,92.1459963113016,8.05121378355614e-22,7.44026873762747e-20
"C1orf106",2.99357658870002,3.18963092662651,91.636307939144,1.041641641755e-21,9.44087895690641e-20
"MTMR11",1.54310078371261,3.63686996544697,91.6102266185369,1.05546139234675e-21,9.52036276005788e-20
"MMP10",4.36785028079156,-1.19454699628982,91.3169205554831,1.22409422398149e-21,1.09888687192853e-19
"C2CD4B",2.89338773794702,1.97419628374536,90.9763692165694,1.45398210940803e-21,1.29294673238492e-19
"DTX4",2.02334872227987,8.73322427047013,90.6992810136219,1.67254010116896e-21,1.46654539475522e-19
"CREB5",2.03763728618232,3.80336449011432,90.4416217748345,1.90515949498683e-21,1.65511828569086e-19
"UPK2",3.16967913897138,-0.8086160500071,90.4130870675081,1.93283444358408e-21,1.67145848304803e-19
"MMP11",2.76844343818758,4.56214426996895,90.1457647102413,2.21244477955388e-21,1.90452095818035e-19
"IFIT2",1.55670151022416,4.50001756526574,89.8633442103248,2.55191547294066e-21,2.15734127784203e-19
"LUM",3.15055696145645,6.73300262969749,89.7595099114179,2.68942455652966e-21,2.26343891695077e-19
"KRT5",5.51315142650176,3.32426387413169,89.4072830066241,3.21351385876075e-21,2.68058244536981e-19
"PTPRU",1.70979909074711,5.90512210904566,89.3839033797357,3.25171582359891e-21,2.70049985491131e-19
"C2CD4A",3.49342271408768,3.19049621736475,88.7247828066041,4.53744906981088e-21,3.7191299940902e-19
"SULT2B1",2.26832386683903,3.00667011370708,88.4924148477249,5.10301789156553e-21,4.16162510806496e-19
"HPGDS",1.93269321539679,1.15307341382757,88.411143841128,5.31704221987017e-21,4.27682714521652e-19
"CXCL17",3.22716664320634,3.98808823937023,88.4058511231814,5.33128781628412e-21,4.27682714521652e-19
"VGLL1",3.86071761648345,0.957101021076994,88.0870874908317,6.26351765133816e-21,5.00338282894182e-19
"ALOX5AP",1.99545479396899,4.14876122702025,87.9109142353079,6.84698233714561e-21,5.4463844312181e-19
"MYO1G",2.70079038214261,5.3968227022933,87.2338541139309,9.64191929691811e-21,7.54230135209544e-19
"IL1F5",2.45914436470079,0.590081873733412,87.1154934880435,1.02365496992903e-20,7.97435681533141e-19
"OBFC2A",1.76750149902984,2.85193769429494,86.7055333004022,1.25943946262047e-20,9.77076244828031e-19
"CTSK",2.08439814415322,4.9779206854195,86.3962516127337,1.47263780094089e-20,1.13779376325154e-18
"GOLGA7B",2.14399967274822,3.37364998773406,86.3564147866073,1.50260335586193e-20,1.15620728427384e-18
"MST1R",1.66825542067492,3.82542819413934,86.2768610056582,1.56428176607884e-20,1.19877397780969e-18
"UPP1",1.56405611394541,5.67685613461416,86.0505632509099,1.75393177557357e-20,1.33327104165778e-18
"FAM176A",2.17108113574576,4.21440740400329,86.0253803011988,1.77641022399276e-20,1.34493516235789e-18
"SDR16C5",3.66920626954281,0.637883914396749,86.0109622339036,1.78940935772283e-20,1.34935780847163e-18
"SPOCD1",2.73166189572759,1.63485251456893,85.967039682026,1.82959869108452e-20,1.3714369874164e-18
"OSMR",1.76855202493401,4.6087405271733,85.963109546867,1.83323849368201e-20,1.3714369874164e-18
"XKR4",3.35858766212146,-1.61108450871931,85.7572717951167,2.0343476566675e-20,1.50398125582336e-18
"CFH",2.05092583218817,7.20056874161056,85.5641255764486,2.24308197309309e-20,1.65181958424808e-18
"TNFSF11",3.19185046457529,0.157274211050079,85.5465946403948,2.26305677986753e-20,1.66004460755107e-18
"CRLF2",3.93507243010525,-0.34717262650265,85.4544881023479,2.37096355802569e-20,1.73245755798063e-18
"PADI1",3.53698639581074,-1.83705756595326,85.3922913186686,2.44672602737174e-20,1.77406457953892e-18
"IGFL2",3.87555119453211,3.03376129081323,85.2676685421334,2.6058951740354e-20,1.87062733307722e-18
"LPPR1",3.52244033684312,-1.38183172915255,85.2507593594504,2.62827518366522e-20,1.87682741524457e-18
"SLC34A2",3.1082937390962,11.4989269308827,84.7620135756356,3.36528109943215e-20,2.39404827496207e-18
"CLEC4F",2.56045691833,-0.838199920112761,84.6368432163317,3.58521729997895e-20,2.52195957235833e-18
"TMEM79",1.5046427039121,4.37471268230618,84.3954959968514,4.05069538611396e-20,2.83879960665503e-18
"CHI3L1",3.53717682037364,8.83531460559742,83.9922477303921,4.96718702341956e-20,3.4554025743729e-18
"TMEM88",-2.07055523693074,3.06352568292182,83.8209330690468,5.41681977869201e-20,3.74058192190116e-18
"S100A9",2.45241581623502,3.43320623881643,83.7204420947575,5.69928448777791e-20,3.921274130058e-18
"CLEC4A",1.61869241417947,1.27303321410224,83.4482599587884,6.54056191806336e-20,4.45061969000988e-18
"CST5",3.70094234904232,0.336104218113759,83.4414650005469,6.5630822927156e-20,4.45061969000988e-18
"C12orf70",2.88064330728396,-2.817340637133,83.0964328229887,7.81465820658575e-20,5.22418214576435e-18
"FSTL3",1.59410098170601,5.86888139314772,82.9181326421995,8.55230534740715e-20,5.64311231580472e-18
"CCNA1",2.6842396710104,1.37067397895548,82.9161113179865,8.56105517886776e-20,5.64311231580472e-18
"MGC42105",-3.55369376739678,-0.126868558827351,82.9089815171141,8.59198994809381e-20,5.6437698432566e-18
"CLEC5A",1.90997311855139,2.36408550555511,82.8366598382543,8.91216861170881e-20,5.83375703708106e-18
"NNMT",2.34300227898412,4.34184411700054,82.7866379203183,9.1405786645854e-20,5.94754057909153e-18
"ANXA3",1.62350068805596,6.46115837747565,82.7847978158923,9.14909170346141e-20,5.94754057909153e-18
"POSTN",2.87301924098809,6.83807720518214,82.7179080791035,9.46399322758382e-20,6.13110654042646e-18
"CDON",-2.46454106379084,5.29291250454544,82.3181183102042,1.15855229523503e-19,7.45427572347124e-18
"GNA15",1.96108315469676,2.44169082568058,82.2495766873667,1.19943300929615e-19,7.69105819430306e-18
"TNFAIP6",2.23724614829781,0.793339573618271,82.0968420692201,1.29579480201528e-19,8.25281202959192e-18
"SULT1A2",-2.40622858168024,2.49829408444246,82.0516940642981,1.32573493372691e-19,8.41506901367668e-18
"BFSP1",-1.91632172843143,2.1601002935446,82.0280494285248,1.3416900877892e-19,8.48776561577247e-18
"COL8A2",2.01660680472649,7.01629077664117,81.9072809898363,1.42622916563555e-19,8.93264858158184e-18
"CCR6",1.72302589055349,1.84611283264295,81.8734176861306,1.45087621454644e-19,9.05692662140049e-18
"TFPI2",3.19970579095105,1.21414976015133,81.7980844644268,1.50724566817587e-19,9.37775423645262e-18
"PLVAP",-1.83722391100071,8.82932890191114,81.7849586201787,1.51728906752099e-19,9.4091886516137e-18
"ACACB",-1.59090354761401,4.90985146617193,81.6051334010103,1.66181936258364e-19,1.02381106612506e-17
"TRIM46",2.33611988710768,0.516093480499576,81.5847349448585,1.67906037898493e-19,1.02771578781246e-17
"FRMD5",2.99735225597082,2.52628107258713,81.4479876918792,1.79935329079532e-19,1.09072052212454e-17
"CORIN",2.41456159041202,0.267654183376231,81.3143688045725,1.92521696231448e-19,1.1632753260754e-17
"C10orf55",2.1970559094787,1.47149286532747,81.1444330323006,2.09809183224077e-19,1.2636813808755e-17
"C15orf48",2.46653201054101,3.79490588900064,81.1027705500627,2.14279346018847e-19,1.28649497807239e-17
"LGI3",-3.40853386449124,4.46514990264241,81.0698342084902,2.17880567778829e-19,1.30396332183063e-17
"MUC4",3.51297572457555,1.5610087550997,80.9714903067799,2.28997659500082e-19,1.36548881874898e-17
"LIN7A",-2.75600240091187,0.272754080925947,80.9662168223394,2.29609566912491e-19,1.36548881874898e-17
"RASGEF1B",1.6392578312432,3.46537049630856,80.9598084429467,2.30355363392443e-19,1.36561613543218e-17
"KCNE1L",2.33252592006077,-1.79865682790402,80.8778864444351,2.40105538636115e-19,1.41221364777216e-17
"C16orf89",-2.43262091755057,8.36321193301142,80.7967307249207,2.5017150086351e-19,1.46466867524189e-17
"COL1A2",2.4546705870961,9.46591493908741,80.7163098925795,2.60562666147636e-19,1.52078247127407e-17
"SLC43A1",-2.24498182942632,3.52397666831186,80.6618035612582,2.67849811539815e-19,1.55848908862611e-17
"COL7A1",3.16361869190134,3.24961062938244,80.544581211728,2.84219758044156e-19,1.64864950112259e-17
"AKR7A3",-3.1072457021057,0.073650402206122,80.5273312580666,2.86711733584015e-19,1.652932599855e-17
"PSTPIP2",1.50945390024592,2.3530071521882,80.1892149602712,3.40219121104548e-19,1.92606933064953e-17
"MGAT3",2.37383953388349,5.58582932144721,80.0169625261963,3.71209274322901e-19,2.08274917843313e-17
"VEGFA",-1.63132064403141,8.54646971573894,79.9897523856941,3.7635660228099e-19,2.09913451662758e-17
"UCN2",3.63891877818659,-2.36507892957842,79.9630107111018,3.81484867919599e-19,2.12146098230687e-17
"WASF3",-1.74046681423561,4.57999216448863,79.925748184099,3.88747489512876e-19,2.15549049185198e-17
"IVL",4.05310479364078,2.92602392028189,79.8970174221719,3.94441528277912e-19,2.18064858976399e-17
"MRC1",2.15347454803607,4.33125003258613,79.651389672802,4.46655644648781e-19,2.44777680608105e-17
"DST",1.60948176024717,6.7287331599908,79.6220113060898,4.5334671042203e-19,2.47724411155829e-17
"KRT75",6.49791592604059,-2.12836958599092,79.1270826355866,5.82404486778719e-19,3.14598549706373e-17
"MARCO",3.08424495453632,3.73179301537826,79.0753748211778,5.97848972985676e-19,3.22018538249313e-17
"GRHL3",2.31902007714337,2.64871941228467,78.5007381005709,7.99683544084065e-19,4.24665751354163e-17
"CDH11",2.59419645470686,4.99012392395897,78.4442240908623,8.22891642575306e-19,4.34542107726321e-17
"STEAP1",2.92630262497398,0.344583305554362,78.3750795018138,8.52205039055018e-19,4.48764508275564e-17
"DUOX2",-2.51995238182804,9.29219625921808,78.350654172624,8.62807770853413e-19,4.51823669336904e-17
"BATF3",1.77418695623794,0.854012360793644,78.2611164118074,9.02816003156889e-19,4.71465021925587e-17
"TMEM40",4.20484723383201,-1.23945565199976,78.0823119008274,9.88350255795987e-19,5.13288678299338e-17
"MME",2.97789735605951,2.13409898263786,78.076166118331,9.91430096928663e-19,5.13473631519208e-17
"EREG",4.08064701671706,1.433515772926,78.0465232918388,1.00642038969617e-18,5.19809237987729e-17
"ATP1A3",-5.87854062694576,1.6961699612335,77.9026578043149,1.08245634562445e-18,5.56034523915863e-17
"FGF11",-2.82937518933406,3.44637320586769,77.7339601518877,1.1789678821722e-18,6.02327981428466e-17
"RND3",1.57445376389314,4.20091629136981,77.6097823076038,1.25546786694627e-18,6.39677843991111e-17
"NFE2L3",2.19280644562505,5.4747539333044,77.5306272667456,1.30680295529539e-18,6.62254013796471e-17
"COLEC12",2.31216087153898,3.12074160619489,77.0600440894513,1.65838662043625e-18,8.27087422446144e-17
"HAPLN3",1.75416870550466,3.51046401911704,76.9629929446191,1.74191573066238e-18,8.65920292261996e-17
"TMEM184A",1.85361080649758,3.71486980477752,76.9590050302927,1.74543661712051e-18,8.65920292261996e-17
"FHL1",-2.75365871607052,7.872155985922,76.8623288908921,1.83300359222362e-18,9.06975950671909e-17
"CFI",1.55683294194339,6.6876700842374,76.6181126594776,2.07428441442286e-18,1.01834400470572e-16
"PMAIP1",1.97270532328981,2.95036347598938,76.4026999845901,2.31334772138674e-18,1.13275925308007e-16
"EBF4",-3.12144560456681,5.14280626285422,76.2879310546773,2.45177757344162e-18,1.19402052792451e-16
"FLT1",-1.72297057779104,7.27981394553501,76.2833611961559,2.45745790809839e-18,1.19402052792451e-16
"RNF183",2.67240807711233,1.03064864324329,76.2569227742258,2.49058022173575e-18,1.20390816256827e-16
"SDF2L1",-1.84405888383662,5.43358676703515,76.1905029350835,2.57577527631863e-18,1.23873764053976e-16
"MOSC1",-1.63678777172752,5.64287615842409,75.9287072313622,2.94093298890765e-18,1.403606802706e-16
"C11orf74",-1.67708333722417,3.87701997209045,75.7336511220608,3.24627820307038e-18,1.53765921317294e-16
"GPAM",-2.10449097488148,5.14125046654273,75.7058387397376,3.29232650096126e-18,1.55556238586771e-16
"LGALS3",1.7486828852092,8.58001024892515,75.6944831652155,3.31131498460187e-18,1.56062275224286e-16
"ARSJ",2.00759883996337,2.31349489016954,75.5670192310478,3.5321229334715e-18,1.66053819306246e-16
"DUSP5",1.96594774840037,7.58930570081465,75.5527059720564,3.55782027976052e-18,1.66845840582202e-16
"AQP9",2.41739308896536,1.07831316477093,75.5268757503677,3.60466883935045e-18,1.68623367144999e-16
"RNF157",-2.86614290906126,2.49427312083479,75.5089017756287,3.63763205611928e-18,1.69744157232576e-16
"TG",-2.27704513766035,15.1101339514339,75.4657033420062,3.71809396001296e-18,1.73070388479418e-16
"QRICH2",-1.96343446882502,2.20817531377558,75.435884995273,3.7746701983303e-18,1.75271139356953e-16
"EMR3",2.64684999119522,-2.33932818660134,75.3342957716845,3.97396617986762e-18,1.84071770080748e-16
"PTGS2",2.26815753572087,3.80543875700864,75.2602648989358,4.12579774852197e-18,1.90636125380236e-16
"OSCAR",1.94407756217912,2.28259574270074,75.2272417899725,4.19538415784813e-18,1.93377462454164e-16
"LEMD1",1.95153872966606,2.14980099092505,75.141388752536,4.38183731047442e-18,2.01192888287649e-16
"EPHA10",2.26373638862969,3.39524149697649,75.1393849456116,4.38628671155441e-18,2.01192888287649e-16
"DUSP15",-2.37450645428748,2.16842632270007,74.989685106699,4.73179737553742e-18,2.14949021984654e-16
"MOSC2",-1.55103623164345,4.25221275749042,74.7917099435708,5.2308893913071e-18,2.36481359244416e-16
"CDKN2BAS",2.1534192540824,-1.65018825908443,74.7497214095565,5.34333139842087e-18,2.40986802686675e-16
"ST3GAL6",-2.23688620131428,2.80946658803111,74.6419912071593,5.64300888301122e-18,2.53894996330615e-16
"KRT14",3.90832797920286,1.91152544027332,74.5778641755489,5.8293171215549e-18,2.61031559086824e-16
"CCDC110",-1.64387854681877,1.42979591585744,74.3129032362383,6.66663355236309e-18,2.9641362200271e-16
"CACNB4",-2.96332968376613,1.98750579009678,74.2907969178211,6.74170714560125e-18,2.99046266138529e-16
"KRT80",2.03115280095977,4.94639911382434,74.1909622770141,7.09142187830386e-18,3.12353937499496e-16
"FCHO1",2.16828814422485,2.44724292325994,74.1538975354858,7.2258275715843e-18,3.17532171047802e-16
"CGA",4.31196823003497,-2.72764646464272,73.9945357983693,7.83335635744908e-18,3.43428916396814e-16
"MYT1",-2.20817841127236,0.846665943579378,73.9816952383208,7.88447727820566e-18,3.44852629940658e-16
"DCLK2",-1.57624041141277,2.96106506193464,73.9772092554706,7.90241545376428e-18,3.44852629940658e-16
"CKMT2",-3.37501400292559,3.15869160736059,73.9278769287907,8.10239506861399e-18,3.52762937259841e-16
"DMBX1",3.74229897940376,1.55648750183086,73.8440971281073,8.45368261257318e-18,3.67209273300068e-16
"USP2",-1.90286416072243,2.70649085327767,73.8119490632672,8.59248839746846e-18,3.72380669584081e-16
"ERO1LB",-1.57816800670812,4.83356384317879,73.7850034526371,8.71058632268238e-18,3.75773883818804e-16
"MSI1",-4.18013210652234,1.3587567619835,73.7849888611908,8.71065071232853e-18,3.75773883818804e-16
"ABTB2",1.69942507003533,4.71958825954941,73.5015366934053,1.00557845336268e-17,4.31826082068185e-16
"IGDCC3",-3.51203474798599,1.63081594720872,73.4871799132393,1.01291926266718e-17,4.33989862268222e-16
"CA14",-2.21566443980261,0.591339582492935,73.4776519799841,1.0178205887802e-17,4.35100991829575e-16
"INHBE",-4.23175684489799,-1.23053637109837,73.3517457134588,1.08486156149526e-17,4.60626354894339e-16
"UST",-1.50690453244002,6.14522199988087,73.1139926623656,1.22373860557863e-17,5.14953575722509e-16
"RCAN2",-1.94381333396091,4.64875250252202,73.0587303373408,1.25848690045398e-17,5.24889270959257e-16
"LY6D",4.306936917937,-0.242206301775526,73.0194166754636,1.28380609174322e-17,5.33090582412845e-16
"NGEF",2.36930563094594,5.44936644681136,72.9881367909244,1.30431480421642e-17,5.40416322837096e-16
"LY6G6C",2.93673688257735,1.20933107377059,72.9773229637859,1.31148088254194e-17,5.42193806966682e-16
"SLC1A5",1.64023885873786,5.51300998972467,72.9348268547044,1.34002565101497e-17,5.52782572711908e-16
"CETP",-2.68852958613899,2.25414165479101,72.8646401624392,1.38853760669286e-17,5.69058933942908e-16
"NOX4",1.60210236627209,2.84581378493109,72.7654644754907,1.46009635445315e-17,5.97087559092209e-16
"TFAP2A",1.90772628959578,-0.336354942214076,72.727673054058,1.4883248012243e-17,6.07313834473605e-16
"MYBPH",3.38606407317733,1.31719803917037,72.720701865481,1.49359128834744e-17,6.08146500387171e-16
"KCNAB1",-3.66087809974347,5.59776335219838,72.66183510941,1.53881297637746e-17,6.23864564100385e-16
"ARNTL2",2.15659168585129,0.624534777447288,72.5812623501997,1.60293789141675e-17,6.47078910684978e-16
"C13orf15",-1.74510513650806,5.93581093630687,72.5326428172446,1.64291857918158e-17,6.61801304588273e-16
"KCNE3",-2.15942570146541,4.05441872607874,72.4845857742796,1.68341694601307e-17,6.76669003544529e-16
"COL6A3",2.19865684316327,7.44386317409367,72.3500687381642,1.80216526277735e-17,7.2132525549636e-16
"XDH",3.56516847884288,1.62616627827631,72.2322263402538,1.91305987307512e-17,7.61706316308185e-16
"MAPT",-3.00494498409167,1.92157243408752,72.1494647890888,1.99499809759109e-17,7.9178324496394e-16
"FCGBP",-2.22490773580326,9.53114882371336,72.1435103647746,2.00102690891083e-17,7.92507548041744e-16
"C19orf59",3.50580786855766,1.26874132510487,72.1353281907516,2.00934104077709e-17,7.9413201888322e-16
"BCAT1",1.93466486953717,4.4934583310827,72.1095431517622,2.0357686479046e-17,8.02893526156853e-16
"RIMKLA",-2.44245625480616,1.1247989371359,72.0743096687335,2.0724432312296e-17,8.15651352716919e-16
"FLT4",-1.70000286444658,5.17874842425306,72.0551699033875,2.09264212351264e-17,8.21885194009591e-16
"KRT13",3.37024000615631,0.919512001537391,71.9733462830376,2.18123793773516e-17,8.5312650626936e-16
"ITGB4",1.68907262716953,6.87071447858823,71.9255015568394,2.23477101837023e-17,8.72254725430963e-16
"SAA2",4.34122017443577,0.319693955359178,71.8299416121789,2.34565845904358e-17,9.13643662601023e-16
"LRRC15",3.98572881708906,3.35656118848196,71.6911663837257,2.51656646794086e-17,9.78191980487033e-16
"SYNM",-1.67434548089122,4.25867699548256,71.6143917411006,2.61641357696076e-17,1.01282605242021e-15
"ZSCAN1",-2.29575804242433,0.567651404620433,71.4877537661299,2.78984290094578e-17,1.07116330689674e-15
"EXOC3L2",-1.91796986064595,4.17800143212214,71.4693006332113,2.81605664132768e-17,1.07903048378678e-15
"COL5A1",2.35570892339733,6.31345440803817,71.3989789022345,2.91823133843152e-17,1.11365378931399e-15
"PLCD4",-2.13181374723853,2.02729242712735,71.385431987767,2.93833640296911e-17,1.11906096704593e-15
"EGOT",2.00765596477095,-0.582037904652213,71.2957236029137,3.07501565829863e-17,1.16406014438244e-15
"COL25A1",-3.38392859670096,1.01595469787716,71.2842832948097,3.09289726429707e-17,1.16848295043143e-15
"SLC28A3",2.95892724246027,-0.42783940592288,71.2441188789111,3.15650335046729e-17,1.18851738873027e-15
"TMPRSS6",3.39802829706838,5.91132038505154,71.2428487241114,3.15853602670203e-17,1.18851738873027e-15
"CXCL5",3.38511080700019,0.259905420102328,71.1802317351306,3.26038480357733e-17,1.22439789476175e-15
"PDLIM4",2.20338377102669,7.02964619662551,70.5411155548933,4.50773081632106e-17,1.67249582546514e-15
"DIO2",-2.41142449760501,8.19779185447828,70.5379585891811,4.51495016173598e-17,1.67249582546514e-15
"PLEKHN1",1.66123400781308,2.97032287028906,70.2754668161597,5.15751361662373e-17,1.89901263087091e-15
"PELI1",1.59416253810616,5.47838126812456,70.2697458851868,5.17249256457381e-17,1.90081539624455e-15
"GRM5",2.66686463916043,-1.67045465130857,69.9995997246182,5.93164938069312e-17,2.17555358219507e-15
"CXCL1",2.83076427340657,0.270176621261031,69.9161916550115,6.18784289206216e-17,2.25714605888095e-15
"C2orf54",2.4566099333115,-0.305155616193622,69.812334095082,6.52237587108469e-17,2.37374189038009e-15
"TUBB1",-1.57785179513081,0.398055719780518,69.803413766403,6.55193910002551e-17,2.37990666500349e-15
"ALDH3B1",1.5044669566063,5.36596975328563,69.6805625104876,6.97298794117071e-17,2.52797632051827e-15
"ELMO1",-2.44919875739973,5.67173634061717,69.5241515981299,7.5484533994815e-17,2.71571457036308e-15
"SLC26A4-AS1",-4.4075827811984,8.40652043883071,69.5113808529461,7.59748635000642e-17,2.72814881276802e-15
"ANO3",-2.43217091374419,-0.0792622380311134,69.4880749476011,7.68779157125311e-17,2.75532788405444e-15
"CLCNKA",-4.33453706731291,2.86830092136682,69.4346586763992,7.89883950438743e-17,2.8202447412256e-15
"COL22A1",2.31709457256393,0.152829382271682,69.3936094998455,8.06495521456334e-17,2.86868935292355e-15
"SLC4A4",-3.48334316176847,5.02310049236685,69.2755176506392,8.56259014737896e-17,3.03996138339714e-15
"TCF7L1",-2.10422200214066,4.34836281842846,69.242938609015,8.70520481406108e-17,3.07819326737877e-15
"MT1F",-3.85122722166035,7.00951336292914,69.2397564084554,8.71926164216139e-17,3.07819326737877e-15
"HLA-DOA",2.31457406153871,5.57102192860259,69.1951593531243,8.918667396067e-17,3.14270500468514e-15
"HLA-DRB1",1.91629298043781,8.11105299114195,69.0514337244781,9.59287732148925e-17,3.37115518902429e-15
"FUT2",1.7227688302733,1.36004051522386,69.0494051342943,9.60274950406347e-17,3.37115518902429e-15
"RARRES1",2.170471330229,1.89872733532233,68.9947195669296,9.87274240629659e-17,3.45670359767893e-15
"SNCG",2.00324884646166,4.25384533553043,68.9902546383964,9.89511908104186e-17,3.45670359767893e-15
"TMEM38A",-2.27031020511149,1.30825744921717,68.985345902944,9.91977851869458e-17,3.45670359767893e-15
"IL8",2.46131191616602,3.20291309630662,68.9416734583315,1.01418950697643e-16,3.52758313385971e-15
"LY6E",1.54169965825047,7.72821859498226,68.9050149416699,1.03321754507779e-16,3.58714864821484e-15
"BCL2",-1.59464171539113,6.12651035767286,68.8700001695958,1.05172576464167e-16,3.64469377114426e-15
"CH25H",2.2269627878948,2.89133047144531,68.8249515699791,1.07602638558871e-16,3.70845510440919e-15
"ALDH1L1",-4.54243224983861,2.58945233095309,68.7482709957501,1.11868905250603e-16,3.83058586486469e-15
"SORBS2",-2.17895252775864,7.25292801662353,68.7466817604854,1.11959092485701e-16,3.83058586486469e-15
"FAM19A2",-3.94382855504517,3.14276809270275,68.5734074763675,1.22241451070923e-16,4.16201946695596e-15
"TMEM249",2.16666240580257,-2.12480532358119,68.5723270294628,1.22308443915426e-16,4.16201946695596e-15
"LDHD",-2.25807858512739,3.85061893244428,68.2264008251759,1.45761083101573e-16,4.88079562811874e-15
"LIPG",-1.98635475457842,8.02427862528284,67.9956829116454,1.63853884198087e-16,5.43662779010531e-15
"TSPAN33",-2.33444741552912,4.61341668314908,67.9928330312839,1.64090876966365e-16,5.43662779010531e-15
"FAM167A",-3.40102310327499,6.44364200154799,67.8287526227575,1.78329944636669e-16,5.86714854500959e-15
"ZNF469",2.00440299160839,1.82036214018756,67.7789900795475,1.82887934326371e-16,6.00662602425216e-15
"RETN",3.93523375307876,-0.505026009050648,67.698199120156,1.90537490461613e-16,6.23613328156654e-15
"SFRP2",3.55690698327033,6.41431072055741,67.5734956491021,2.02977908263849e-16,6.62031059963682e-15
"C13orf33",1.71017285483603,4.18769499608354,67.5646661873279,2.03888935076548e-16,6.63853921254418e-15
"SPOCK2",2.22766081629234,8.54324726925921,67.5097621971261,2.09646471966022e-16,6.81423325776456e-15
"PGF",-2.46976501805507,6.39151709437896,67.5043058605537,2.10227464643091e-16,6.82135656359992e-15
"MAMLD1",1.66448913279851,4.41739398693625,67.2621717370757,2.37698749751324e-16,7.67311101080813e-15
"IL1R2",2.64840478639646,0.958928088822538,67.1889080466726,2.4669820494374e-16,7.9364412279853e-15
"MNDA",1.63498933428318,3.19169052721965,67.0212974507342,2.6858976962554e-16,8.61131689962702e-15
"WISP1",2.81020659607795,0.824372118918765,66.9607821078425,2.76962455948186e-16,8.86467948987302e-15
"F2RL2",2.39333303740127,0.708172325300414,66.9265248701091,2.81817392057053e-16,9.00478216111791e-15
"ME1",-1.91220583010839,3.24531671338152,66.8387314578114,2.94651718773906e-16,9.38306453095553e-15
"IGFL1",3.90655708361244,-2.17907318511084,66.8058659458232,2.99605273908562e-16,9.52471943292447e-15
"TMEM163",2.45634285614935,4.75527327220457,66.7297960114356,3.11392623707914e-16,9.88278407767946e-15
"IL1RN",2.0116242525503,4.17350151596452,66.7227171088564,3.1251284892173e-16,9.90166760986968e-15
"SLC18A2",2.92283059506648,-1.32585374072954,66.5821876869246,3.35605042826877e-16,1.05799770357396e-14
"HS6ST3",-3.83568935031776,2.09179999152299,66.4393877162495,3.60819706434043e-16,1.13369551761576e-14
"ITLN1",2.71245491816546,-1.83544006960411,66.4224558613511,3.63932421882216e-16,1.14157304780758e-14
"ACRBP",-1.61872622328243,2.96513442342875,66.224773975762,4.02323921685307e-16,1.25365463993577e-14
"TRIM58",-2.19006270728332,4.81407418308264,66.2051644232824,4.06346491400495e-16,1.26409967918847e-14
"SLC6A17",-4.087100617759,0.620341208961243,66.1991580672933,4.07586625243517e-16,1.26586870825219e-14
"SPAAR",-1.53077311572893,0.516466445627209,66.1659150848088,4.14519099724634e-16,1.28528191908039e-14
"SOD3",-2.71393949203852,6.20593878748551,66.1212080640998,4.24028637893964e-16,1.31260884754959e-14
"FAM181B",-2.65763599864548,0.582705738770793,66.113637646808,4.25660397739233e-16,1.31549997019345e-14
"FGF12",-2.70270039872909,1.83865129741816,66.0098586117307,4.48673149607773e-16,1.38435126291419e-14
"CCDC109B",1.52507049700378,3.66552823288442,65.9144384849216,4.70929121320865e-16,1.44827990132805e-14
"CST6",2.68197105028781,7.11705997867801,65.8854630417015,4.77903556424098e-16,1.46733515402396e-14
"CATSPER1",2.51291163588749,1.17892269245881,65.824705531857,4.92865318344244e-16,1.51081251730499e-14
"C6orf165",-1.85584509279234,0.304249008465738,65.6782339701904,5.30889552056966e-16,1.61164731648598e-14
"ACP5",1.75208153642751,5.26923599854042,65.4888413787037,5.84439455733485e-16,1.76004035455074e-14
"TDH",-3.75438462321155,-0.68989395010336,65.3886297338162,6.14926602372203e-16,1.84302008075052e-14
"KLHL13",2.03310408128637,1.12508861225191,65.3292803506858,6.33727275537334e-16,1.89635342832219e-14
"CACNB2",-2.22218914919842,1.35647902043688,64.9689089531485,7.60891756690626e-16,2.26967268941957e-14
"C8orf79",-1.60048622622987,5.48631405393114,64.9551306456152,7.66230680213498e-16,2.28198748552683e-14
"RBP7",-1.5898058043322,3.81853474432992,64.8756868474757,7.97753402351291e-16,2.36838537655536e-14
"BEGAIN",-2.07187460052114,-0.378440072245281,64.8267341886691,8.17820152985338e-16,2.42414237799993e-14
"NXPH4",-4.00075587083594,1.05125883580299,64.61473927048,9.10715529120302e-16,2.68262643046499e-14
"CCR8",2.55732588182076,-1.33443337686648,64.5893678675197,9.22518102223694e-16,2.70892698802509e-14
"MATN3",2.13691262245463,1.0359521261394,64.5569268699508,9.3783258768882e-16,2.74528737136683e-14
"WISP2",3.10348564743052,1.72677910059617,64.5539108352705,9.39269231132826e-16,2.74528737136683e-14
"SEMA7A",1.70568601213151,2.53894603038584,64.4339905329856,9.98211515136795e-16,2.90854458784527e-14
"KCNJ1",-4.92424639679356,1.61148211581834,64.3428160813332,1.04548896812081e-15,3.02758187818948e-14
"AMICA1",1.84707043500295,3.49686286597576,64.2286022658305,1.10788658412579e-15,3.1838228481615e-14
"GPIHBP1",-2.05977477387345,1.73480694316486,64.1998887342786,1.12415100459244e-15,3.22564607893101e-14
"HGD",-3.54422273101625,4.40273960194553,64.0070448497592,1.23975100220323e-15,3.54655324636347e-14
"DGAT2",-2.49571074714287,5.67798722750664,63.9639402234963,1.26717486958812e-15,3.61951221840534e-14
"IL1A",2.36922922795133,-1.48265404167647,63.9600564840074,1.269675374701e-15,3.62116795217295e-14
"TPO",-4.92435842869211,10.2914467653269,63.9412030468588,1.28188428883455e-15,3.65046565152704e-14
"DRP2",2.93406872046568,-1.97551895227542,63.9162405120583,1.29823016091485e-15,3.69143815890903e-14
"SRRM2-AS1",-1.5905107768309,-0.63468441127057,63.8238514022084,1.36056313186156e-15,3.85704303185776e-14
"C20orf103",2.98025324977717,4.55276662524105,63.6982805377518,1.45011099576229e-15,4.09079450088713e-14
"C1orf175",-2.22388781180742,3.24639684083869,63.679836107206,1.46375183838121e-15,4.11860442644219e-14
"NCF2",1.74521784712334,3.58047041469484,63.3989248189891,1.68810130209997e-15,4.70075121819625e-14
"SLC10A4",-2.34560440578134,-0.324952422853312,63.3894836345366,1.69621157834742e-15,4.70942277982408e-14
"SLC25A15",-2.47399001074012,4.95752913824764,63.3162980010811,1.76041708090298e-15,4.8661851626368e-14
"CD101",1.53292558964017,0.667555608169868,63.280663788161,1.79255339328079e-15,4.94776230895015e-14
"TNC",2.2466542809383,7.17207850132436,63.2583833657127,1.81294427672076e-15,4.99672887496195e-14
"COL5A2",1.87192611862238,6.03282162729688,63.2208794425092,1.84779302571957e-15,5.08534220742559e-14
"NLRP10",2.89703637146008,-3.08522035429984,63.1591683274393,1.90659983874315e-15,5.23953646647025e-14
"SERPINB5",4.36383442605089,-0.00993276179625316,62.9915034271453,2.07600185348921e-15,5.66378971663945e-14
"GABRB2",2.27248719987026,6.69245044773713,62.9483868338996,2.12194774499963e-15,5.78077440588627e-14
"IQGAP2",-2.42477195893693,5.58933115921379,62.8986869628797,2.17617253440367e-15,5.91141276924755e-14
"FZD9",-2.38941412426765,-1.5516098521881,62.8137207471447,2.27210480995315e-15,6.14544044149739e-14
"CTSE",2.5722485086891,5.02505240732812,62.7071264023098,2.39846246431442e-15,6.46864297242566e-14
"TRIM50",-5.16607835074452,0.259471266880654,62.6949438583893,2.41334423493389e-15,6.49020906090922e-14
"THADA",-1.58014871625971,5.9979505553555,62.5876166018238,2.54850866694551e-15,6.82450076551941e-14
"FLRT1",-4.11083363497925,2.42848767935394,62.5336533866713,2.61930351152622e-15,6.99420818686859e-14
"CDH20",2.58618614657754,-1.23624776532037,62.4548707794951,2.72620721584347e-15,7.24886578745854e-14
"FAM23A",1.7460038698092,-0.619473925955341,62.3625238623927,2.85708722568665e-15,7.57550047519616e-14
"STYK1",1.87864525562344,-0.77693407083628,62.3193151055506,2.92046621286405e-15,7.71101247127635e-14
"ADRB3",2.63115358803616,-1.87133759997982,62.2187082085649,3.07354148866228e-15,8.0925145452879e-14
"PTPRZ1",2.61433667619177,-1.89047963921535,62.2095909062378,3.08780417401481e-15,8.11872863159375e-14
"COL12A1",2.15078591265733,5.15840634960627,62.2018925088178,3.09989873894787e-15,8.13917702320963e-14
"LRFN1",-1.99368327768353,0.550885808467795,62.0990867966939,3.26602835838011e-15,8.56344459140221e-14
"ATP4A",-3.65255104217802,-0.641516182472215,62.0121344740091,3.41347382486175e-15,8.93683641092062e-14
"CNKSR2",2.2818420698472,-0.244879725377466,62.0095723352068,3.41791802051441e-15,8.93683641092062e-14
"GPR111",3.06639982769768,-1.64987023538372,61.9375437508825,3.54525332601061e-15,9.24413771811232e-14
"DIRAS2",-2.93306851556472,1.17509378951109,61.9148763551643,3.58629935874675e-15,9.33824799876986e-14
"SYBU",-1.70953029920428,3.86931316630347,61.9088735781203,3.59724856502641e-15,9.3409545382752e-14
"ANXA8",3.94922420216992,1.50815516568992,61.8853392072172,3.6404993703722e-15,9.42729314976053e-14
"CCDC48",-1.89508841771234,1.82560691445476,61.8607798789252,3.6861886598532e-15,9.51945597473322e-14
"C14orf68",-3.80761704526664,-1.1888579543408,61.7950019375788,3.8114054090105e-15,9.82935906575457e-14
"PDZRN3",2.00700665741739,1.90677443498173,61.6919733477438,4.01614124552408e-15,1.03290988759372e-13
"RSPO4",2.04119448819088,4.20314599681028,61.6846817545529,4.03104106890176e-15,1.03532951268305e-13
"XG",2.4474105589837,-0.681288232331926,61.6577292531932,4.08659812151864e-15,1.0481707181887e-13
"PPM1L",-2.12846859622276,2.26596570201353,61.615163094297,4.17590398481666e-15,1.06962149350222e-13
"RPLP0P2",1.66056111699418,0.0159847821440581,61.5898983760627,4.22983128108468e-15,1.08049836464781e-13
"SLC14A2",-6.07316073439095,2.30302356040187,61.5860450228547,4.23811724186762e-15,1.08115001682934e-13
"RNASE7",2.56344440069474,-2.55545578143648,61.4982738636149,4.43131470528544e-15,1.12890736248704e-13
"CARD11",2.11406184258908,3.52958176458544,61.4459228421665,4.55071694281414e-15,1.15309295438081e-13
"ITGBL1",2.26059961449982,3.54284484226477,61.3592633422188,4.75548599408073e-15,1.19853505294666e-13
"PRRT4",-5.49191756443346,1.95578132252931,61.2932484645112,4.91763779244669e-15,1.23445150017583e-13
"SMIM32",-5.01238699465191,-0.681847316030188,61.2442700299695,5.04150735708439e-15,1.26386298797546e-13
"MPPED2",-3.24064400845153,3.84277599289597,61.158787450402,5.2652236454574e-15,1.31296291222438e-13
"TM4SF18",-1.50086582337199,2.71285700635225,61.1425513279147,5.30882438637985e-15,1.32034244501363e-13
"SAA1",3.99404046033253,0.903137835144768,61.0330665299222,5.61241860260803e-15,1.38670138265225e-13
"SLC18A3",4.74838777443411,0.920364998164404,61.0272862717899,5.62892113989047e-15,1.38895839436145e-13
"CD36",-2.80268837016239,5.18525780916208,61.0158701723104,5.66165666806226e-15,1.39520982361189e-13
"FAT2",2.30705492034306,2.52450807533562,60.996356899512,5.71805237531911e-15,1.4072679292365e-13
"PTPRO",1.71248702043896,1.23075797960545,60.9596992562959,5.82552148362337e-15,1.42998347668317e-13
"BIRC3",2.06668017441572,4.15647456928942,60.92052291596,5.94260951385687e-15,1.45304895661776e-13
"HTR7",1.82903453550405,-1.22699016043772,60.8943330627978,6.02219452201328e-15,1.47060118042739e-13
"DOK2",1.70278329065019,2.688745607118,60.864736351503,6.11341639053725e-15,1.48901971310605e-13
"COL11A1",4.46411942119624,3.87507101537175,60.80737292967,6.2941748232211e-15,1.52909515164129e-13
"IQGAP3",1.60844063601465,1.72788835865051,60.7790964635265,6.38523492438592e-15,1.54922070520622e-13
"KIF5C",-2.78168426205825,2.80340379333364,60.6674522399496,6.75782864816601e-15,1.63541188286554e-13
"SH2D6",-3.85170350646945,-0.725170142741572,60.5915371532092,7.02353114960726e-15,1.69753345169739e-13
"UPF0639",-4.54260544746621,-0.114264113996526,60.5725431248717,7.09162909676719e-15,1.70960858992654e-13
"HAP1",-2.88136808703136,1.2642337753685,60.5596743203022,7.1381417170076e-15,1.71861077600807e-13
"DPY19L2P4",-2.65179185034204,-0.996867988708548,60.5546676420561,7.15632006771872e-15,1.71861077600807e-13
"DEPDC6",-1.81821619875547,5.85212668775222,60.5009205046484,7.35440799517187e-15,1.76169376778882e-13
"CDKN2A",2.13099545119948,2.22540329987119,60.357519309029,7.91018061668733e-15,1.88753936859389e-13
"KIAA2022",-2.2327337676413,0.474077615699792,60.3551231714086,7.9198156193389e-15,1.88753936859389e-13
"FAM171B",-2.09742607382198,2.92926280340412,60.3334491527992,8.00750325912283e-15,1.90602842728515e-13
"KLF15",-1.81727404079349,2.63514552949237,60.316742469496,8.07575668983367e-15,1.91985075809262e-13
"MRO",-4.00693782857316,2.21547860577219,60.0011310277931,9.4802881744267e-15,2.23402990830365e-13
"LRG1",1.99858415919975,3.64144178213484,59.9299738963165,9.82930550945262e-15,2.30475208288807e-13
"NCAN",-3.01966849594622,-1.76078839053446,59.8453118762435,1.02613487331647e-14,2.39414537521807e-13
"C12orf39",-3.7636270859904,0.180385186833597,59.8385277493614,1.02967805729481e-14,2.3994426126232e-13
"UCA1",3.92431562618596,-1.5127258479287,59.8112495276779,1.04404879770158e-14,2.42992690546545e-13
"C16orf74",-2.21252493099886,2.24529762828573,59.7790627759028,1.06126375227873e-14,2.46694750406394e-13
"VSNL1",2.90525107649961,-0.18494318782027,59.6759652701022,1.1183400586494e-14,2.58369445902678e-13
"SHANK2",-1.82754973934498,4.14005099231984,59.6587223918388,1.12818138828513e-14,2.6032405791862e-13
"NQO1",-2.35868097607217,7.26786029550196,59.6272112290512,1.14639071286746e-14,2.63650038741196e-13
"HAS1",3.94347513550329,-0.202870150096027,59.6044054211272,1.15975263537006e-14,2.66220060179501e-13
"HLF",-2.42528676514912,4.62846375063172,59.5621958059593,1.1848956982875e-14,2.71417420463134e-13
"CST4",3.49111541434133,1.57059210741643,59.5388211982786,1.19905316657297e-14,2.74327066701865e-13
"KRT15",2.3653642696996,2.71130855537737,59.5242519741794,1.20796290629259e-14,2.75696328201307e-13
"FAM65C",-2.43791888128185,1.20677379179565,59.464421651926,1.24525177904568e-14,2.83178365965852e-13
"MT1G",-5.57884159870035,8.27409713253791,59.4603282397327,1.24784466752264e-14,2.83334728258976e-13
"CYP27B1",-1.84940638625182,2.65064570300927,59.4585933086806,1.24894525346493e-14,2.83334728258976e-13
"ARL4C",1.68401205743353,3.98416635168749,59.4523251435322,1.25292968052257e-14,2.83896999245331e-13
"KIAA1467",-1.52905350917097,3.90459292284607,59.4172728753949,1.27544659718876e-14,2.88652091839165e-13
"CCL23",2.29223986184875,-1.23792513022056,59.412540283863,1.27851758751557e-14,2.89000162588052e-13
"LRRC39",-3.03879478298702,-0.149413805868086,59.294191004398,1.35776753246795e-14,3.05814020574501e-13
"IGDCC4",-1.87808099367636,4.66365794459671,59.0702273381239,1.52143914753922e-14,3.4023927413297e-13
"TBXA2R",-1.50652527364344,2.25904423477111,58.8708817633604,1.68365446138152e-14,3.73414751834876e-13
"PFKFB2",-1.71295089661617,6.56107960608471,58.85653433279,1.69597613095436e-14,3.75705546659831e-13
"CA4",-4.32061212197383,3.51739391936235,58.8280609691038,1.72069708567964e-14,3.80235145696091e-13
"CD70",2.91973768630687,1.02256645919915,58.8260300332076,1.72247408457703e-14,3.80235145696091e-13
"GRIK4",-3.64981906573257,1.38718646636573,58.8029200049116,1.74282434412357e-14,3.83380683027043e-13
"PLEKHA6",1.79560147583188,4.07762636497246,58.7988565561093,1.74642732814649e-14,3.83725501051488e-13
"PI3",3.08854715618262,-2.194911862914,58.7648825006144,1.77684460832862e-14,3.89500866932688e-13
"PPAPDC1A",2.83396526223109,0.126919555342696,58.7512791375093,1.78917191749513e-14,3.91293143719469e-13
"WBSCR17",-2.443292020746,4.06011386994196,58.7268487996234,1.81152580937704e-14,3.95669439694535e-13
"C9orf24",-2.74219772646323,-1.34103427373602,58.7225600101208,1.81547881039557e-14,3.95669439694535e-13
"C14orf64",-2.0317159741721,0.456694758856858,58.6733227638927,1.86148409427659e-14,4.05227461262151e-13
"DSG3",5.04635422440837,-1.12982189045478,58.6687811899284,1.86578586793414e-14,4.05695446162566e-13
"ARHGEF38",2.5600346774768,0.201781993774988,58.5729152014803,1.95894729944544e-14,4.23996262791566e-13
"GJB2",1.75881974453363,2.7387674084104,58.5540115608535,1.97785981601022e-14,4.27108971952172e-13
"GABRA6",2.23143544357825,-2.21879892203873,58.5324484008073,1.9996562498027e-14,4.31321734797259e-13
"LCE1C",2.88629746258114,-3.19828084939691,58.5238929940668,2.00837065621143e-14,4.3270632698169e-13
"RNF150",-2.10714393563372,1.46025973470894,58.4941786729065,2.03893343517205e-14,4.38789647487027e-13
"FXYD3",3.58802439746626,1.90599884189287,58.4850428667839,2.04842330734355e-14,4.40329261003884e-13
"FOXQ1",1.82572738425624,5.76574582863164,58.4483551596148,2.08698004442355e-14,4.47596675739166e-13
"FLJ42875",-2.25542605086997,2.3276306804211,58.4089935332156,2.12915473573765e-14,4.55605278979865e-13
"CYP17A1",-2.88933205796085,0.936188486389715,58.3518776051263,2.19187363180124e-14,4.68494350416293e-13
"OR4D6",2.61969263282351,-2.43304633905148,58.2547199228701,2.30283821560274e-14,4.8998991016414e-13
"WNT2",3.13826383894045,-0.915009858379898,58.2418421861738,2.31796181989618e-14,4.92651817685262e-13
"KCNC1",-2.74088189914725,-1.87029395029253,58.229062364401,2.33306867676316e-14,4.94747026932948e-13
"DAND5",-2.72811298619502,-1.37608127632734,58.2084382921249,2.35765615762633e-14,4.99399257118781e-13
"CGNL1",-1.8614584047736,6.8048410950903,58.1257892591727,2.45881708590958e-14,5.18496864693147e-13
"FAM101A",2.17685803793944,-0.204903002198425,58.0921291385735,2.50125063205777e-14,5.26267599503941e-13
"ASPHD1",2.16354437563432,1.50962840045603,57.9697149823734,2.66184397718319e-14,5.5943235961937e-13
"PDZK1IP1",2.66086748854916,5.84786061213038,57.8609330051063,2.81319065209127e-14,5.87963083960362e-13
"ALOX15",2.61103795453443,-2.59712529910433,57.7240623713595,3.01590801379982e-14,6.26256187909026e-13
"LOC153910",3.23370709088774,-2.7370122495194,57.6370994295564,3.15223627815012e-14,6.51600420128137e-13
"ITPR1",-2.2397233502361,6.01941965661123,57.5194796522615,3.34648543417659e-14,6.87125425356466e-13
"SLC29A4",-2.90505794739171,3.45782974438707,57.5155056019098,3.35325372017796e-14,6.87125425356466e-13
"MMP23B",1.741035690652,1.33951828927615,57.489149524257,3.39848924237218e-14,6.95638644920742e-13
"HCK",1.63493387419422,3.69889890770471,57.3724144105752,3.60629960984557e-14,7.37374839965387e-13
"BNC1",2.466764414298,1.90705471556525,57.3344476490049,3.67659087597083e-14,7.4930909398705e-13
"GABRB3",-3.18397574780312,3.90329431815154,57.3276102984304,3.68939436997102e-14,7.50296253103492e-13
"MUC16",3.59747061536431,3.10359915504911,57.2293482970202,3.8784029114427e-14,7.82822823196121e-13
"VIPR1",-2.39075087040883,2.33559618723153,57.1614605608145,4.01461578523636e-14,8.08584794693117e-13
"PIR",-1.53746555099966,3.23192390450227,57.1406655863259,4.05728971752662e-14,8.16307638792015e-13
"WDR69",2.72466445583541,-1.49018522360353,57.0996749516074,4.14274136891416e-14,8.31724816685513e-13
"IL1RAP",1.58300188333178,5.260209856935,56.9673797993167,4.43101027009499e-14,8.84887771311767e-13
"CDX1",2.07427055239595,-2.22732733862127,56.954143530805,4.46093404117071e-14,8.89920936975135e-13
"TLE6",-1.51603759588386,2.67077260206417,56.9371794883551,4.49958116360932e-14,8.95734995737729e-13
"SCNN1A",1.69684171076019,7.70910183089099,56.8852409000568,4.6200020078517e-14,9.18737108143674e-13
"OTOS",-3.19733641583338,4.11960240476946,56.8133830548707,4.79194109070796e-14,9.51924904552438e-13
"HIST1H4H",-2.08664783104939,2.17342336621597,56.8003576257881,4.82378653458056e-14,9.55231341910849e-13
"C18orf16",-3.39174698111875,-0.605494893408552,56.6969334834266,5.08427744485317e-14,1.00155484211465e-12
"SPN",1.68197899883943,3.25128667466939,56.6689327959776,5.15719191715948e-14,1.01379960398634e-12
"SLC25A34",-1.60903739183247,1.14473157615158,56.6589664927219,5.18339611569091e-14,1.0178894122188e-12
"ETV7",1.85612930801227,2.36199614949977,56.6340594826087,5.24946758666446e-14,1.02858407774238e-12
"PBX3",-1.88744551508621,7.49443242650555,56.6322782607706,5.25422484015443e-14,1.02858407774238e-12
"TSPAN18",-2.08126661397058,5.85265274097078,56.5920773328467,5.36274753655975e-14,1.04765302133911e-12
"TRPV6",-3.44555284885632,1.64747795666307,56.52301127466,5.55445416351393e-14,1.08062507627002e-12
"KLK8",3.35083424988699,-1.30724795578389,56.4854554898418,5.6615603720131e-14,1.09919398695356e-12
"CHRNA1",2.70723107012782,-1.24062145392256,56.3738035807741,5.99234300815112e-14,1.15983213952428e-12
"SELV",-4.58529571285426,1.02794078177222,56.3631655796746,6.02485110496e-14,1.16492813364827e-12
"ROPN1L",-2.19409230986172,-1.55440161835267,56.3537451213103,6.05378586545663e-14,1.16932347474988e-12
"DNASE1L3",-2.33466934645221,2.80003855388185,56.3148659951221,6.17468081363527e-14,1.18957257474107e-12
"RBM20",-2.019732637183,1.16402086251881,56.2888882801683,6.2568020461732e-14,1.20360440994344e-12
"PHACTR3",2.45968750846955,0.865157891634705,56.2780463543104,6.29139813383355e-14,1.20902586767615e-12
"SPRR3",4.01458721937109,-2.3317706877131,56.2630006449234,6.33972564097616e-14,1.21707238068923e-12
"PITX3",2.2336618103128,-1.4570775316779,56.2370134574245,6.42407414550465e-14,1.23143970025169e-12
"MICALCL",1.829416542737,1.77855620787837,56.2359256681394,6.4276292438344e-14,1.23143970025169e-12
"COLEC11",-2.43984276868223,2.18190974904353,56.1716644023036,6.64117790955521e-14,1.26591997928144e-12
"SYNE1",-1.69114588662347,6.61538776984623,56.1307067255993,6.78097520174247e-14,1.29126206568939e-12
"NEB",-4.73644621884621,3.71090282839557,56.0824902554921,6.94932645330629e-14,1.32065224090454e-12
"CACNA2D2",-2.29081087470864,3.98372813898634,55.9833321259547,7.30880323129683e-14,1.38617262088941e-12
"CIITA",1.75333657445361,4.07260868200005,55.9804040095671,7.31969670912421e-14,1.38684344080814e-12
"MUC21",3.14002288412916,4.60743009118808,55.9398483368315,7.47225753993869e-14,1.41008007150074e-12
"MFSD4A-AS1",2.07970153950971,-1.18633401928961,55.9164761451495,7.56161908530362e-14,1.42551642996144e-12
"LIFR",-2.06065440425037,5.49440838368873,55.8930818416687,7.65213600579324e-14,1.43970127725763e-12
"PRSS12",2.47571391317085,1.25219633769912,55.8795663520681,7.70492323277024e-14,1.44818756514641e-12
"ADCY1",-2.01986434908354,4.27853284192489,55.7959462573394,8.03971503448087e-14,1.50810654557247e-12
"S100A8",1.9259529775558,1.81152190241694,55.7686740954042,8.15202288740418e-14,1.5261363999339e-12
"C9orf169",1.70181669598021,2.0028777109236,55.7317244466383,8.30669129632157e-14,1.55047271602232e-12
"EFCAB12",-1.7403387230229,0.909941140183173,55.6819638454544,8.51963534781283e-14,1.58707673495027e-12
"LRRC50",-2.58468004070189,0.555428822520722,55.5590110212593,9.06951380517516e-14,1.68451698773559e-12
"FAM83A-AS1",2.63621859235804,-2.39714227265509,55.4697678042184,9.490747756324e-14,1.75928787317817e-12
"CAPSL",-3.6318630473978,0.967842049715548,55.4030801401362,9.81824852055596e-14,1.81464334421099e-12
"S100A3",1.51283134585388,-0.668898462869269,55.3684238058547,9.99288544228278e-14,1.84330603089936e-12
"PDE7B",-1.95061187368225,4.02321236208503,55.3023497593255,1.03344976737153e-13,1.89975807117991e-12
"BEX1",-2.96819972789085,3.43162935474027,55.2884139103464,1.04080269641234e-13,1.91053675099956e-12
"GCSH",-1.69931979008986,1.69933379787639,55.1440200989407,1.12013936671022e-13,2.05217369691167e-12
"ABCC8",-4.56431853440194,2.86144399211982,55.1351985080482,1.12517798518235e-13,2.05940343462696e-12
"CXXC4",-2.41968211917693,-0.613711460871021,55.0981311406102,1.14659875598143e-13,2.09251498042225e-12
"CLCNKB",-2.66383066971213,3.3012186804586,55.0611250153723,1.16839116979651e-13,2.13022343646071e-12
"TNFSF9",2.32651685619217,1.13616555256083,54.9669670184829,1.22572669327085e-13,2.22614639899249e-12
"DLL3",-3.77830378481834,-0.612417217177573,54.9410700735087,1.24198399674503e-13,2.25350166570138e-12
"SLC26A4",-2.96874927390442,7.7784651797705,54.8685218922192,1.28868553577217e-13,2.3302068156781e-12
"SLC27A4",-1.84478310713472,5.55226498110233,54.8603929449587,1.29402667111266e-13,2.33668494289424e-12
"LAMB3",2.12914433019947,7.60378211519316,54.8092179658579,1.3281636563985e-13,2.39374199334842e-12
"NR2F1",1.56607233488303,3.77227438503455,54.6064921850721,1.47248391685694e-13,2.62374922500822e-12
"ARHGAP24",-2.03753803597098,4.63406086927417,54.6023300347858,1.4756058013071e-13,2.62682913751099e-12
"ENKUR",-2.28112931337207,-1.02486626290506,54.5410747227056,1.52232475198318e-13,2.70488842831168e-12
"SERPINF1",1.79972172996124,5.34954936436165,54.4833175231619,1.56773062474077e-13,2.77771219338468e-12
"SLC26A7",-2.76521909594115,7.76934224719559,54.4171942835579,1.62137965964513e-13,2.86737798720732e-12
"PPM1N",1.8243382676835,-0.0543673789021534,54.3725695621833,1.65862032072465e-13,2.93048831174331e-12
"KDR",-1.54876923755821,6.73069862367066,54.3562312415726,1.67246815567647e-13,2.95218817142441e-12
"INHBC",-2.89265275211239,-1.47160944216611,54.3330105621517,1.69234853876812e-13,2.98071345964619e-12
"XK",-1.83833761291432,1.70948190485704,54.3318230178256,1.69337158671816e-13,2.98071345964619e-12
"SLC2A4",-2.3372471821326,2.14820958442037,54.2872687694326,1.73220471467529e-13,3.04055151592724e-12
"KIF1A",-4.68859870334768,2.93391318976459,54.2295599545125,1.78383081633715e-13,3.11955274114917e-12
"TMEM63C",-1.92450498037932,1.67445730996185,54.1937516775183,1.81663594056519e-13,3.17103895847546e-12
"ALOX15B",2.22192294116289,5.73777245753444,53.9813161885257,2.02405166568267e-13,3.49747222744727e-12
"PLCD3",1.50946591527394,7.1568349117692,53.9046011424433,2.10464260726759e-13,3.62344497097795e-12
"TNFRSF18",2.0576829403722,1.46350676129756,53.8836406343883,2.12721531112101e-13,3.65563017732482e-12
"CLDN10",3.21726725601661,4.51514784200818,53.839065668648,2.17602741814523e-13,3.73033340559135e-12
"AGRP",2.8575734321834,-2.68732413664753,53.7732334993114,2.25017477964043e-13,3.85288782432165e-12
"TRPM3",-4.33232654825345,-0.739532729631128,53.7450528865718,2.28268264394683e-13,3.90500301303863e-12
"HSPB7",-3.10064075943301,4.0073630882132,53.7367329963722,2.29236963543434e-13,3.91801925360001e-12
"LPPR3",2.33173113571813,-1.54118547221958,53.7285920097852,2.30188814223208e-13,3.928549702652e-12
"GLDC",-5.07573639238805,2.66594809410664,53.5166907950367,2.56405131130466e-13,4.3192998587933e-12
"OR2W3",-1.93988827273064,1.69465607534152,53.5155044555052,2.56560014186872e-13,4.3192998587933e-12
"SFRP4",2.71545777405987,4.8823576779964,53.5152223260721,2.56596861490584e-13,4.3192998587933e-12
"FAM155B",-2.63005860542846,5.28778472253018,53.3988094791515,2.72261802771435e-13,4.55428527581819e-12
"DAPP1",2.07630612295805,1.70892225382921,53.2689192660625,2.90872503944114e-13,4.84838942913743e-12
"TBX2",-1.98350209263379,4.64288752332611,53.1748669920511,3.05138053897086e-13,5.07719557993633e-12
"RND2",-1.67448617754659,4.66136392487903,53.1567146342425,3.07970904884296e-13,5.11225942401819e-12
"AGXT2L1",-5.9568997143153,0.069104497646592,53.1514016398448,3.08805016699535e-13,5.11861102997553e-12
"MAPK4",-3.48435067346193,2.59704766111432,53.1091752753157,3.15515217253479e-13,5.21762532952859e-12
"C2orf88",-1.56702270033756,2.38584489463142,53.0607637573971,3.23388019203509e-13,5.34312965646324e-12
"DHDH",1.91375896365245,0.510104992908608,52.9648564420083,3.39569906213519e-13,5.57142895729962e-12
"CFB",2.1829322532957,7.1875911742913,52.815968774093,3.66310886483024e-13,5.93782702663625e-12
"SCEL",1.87114151577338,6.23361364905283,52.8098681633878,3.67450437931269e-13,5.94607352436077e-12
"NOD2",1.77044047735523,1.02941309155386,52.7977218196949,3.69729863222668e-13,5.97782794294488e-12
"ZNF536",-4.46730510494217,0.570303362258658,52.7944767394528,3.70341237757682e-13,5.98258184593644e-12
"ELAVL4",2.06673610618469,-2.73761254783426,52.7573659584594,3.77405275510186e-13,6.08626540112749e-12
"RUNX2",1.67098095602729,4.27765444917452,52.6698226971048,3.94607948206913e-13,6.34198554100318e-12
"C1orf116",1.55410735533641,6.25805949205621,52.5745227532861,4.14228056225346e-13,6.64598069443424e-12
"SPRR2D",3.97375814711618,-2.17715516214088,52.534299646155,4.22799289360152e-13,6.77197298472182e-12
"IRS4",-3.95358138318345,-0.217275107997124,52.2902319114189,4.78749933285141e-13,7.64216235587763e-12
"ANPEP",1.73691735064123,3.89062242421056,52.2508805486772,4.88440328603122e-13,7.78366616637875e-12
"C16orf71",-1.64499832282531,-0.169576384870468,52.2407517742406,4.90966174544844e-13,7.81730939401976e-12
"AOC2",-1.5019716326671,-0.539696585951238,52.2165093172468,4.97064802245891e-13,7.90773472737514e-12
"KLHL3",-1.67193633338078,4.41465659861711,52.1993896577011,5.01417174796055e-13,7.96353545008865e-12
"PDE5A",1.52274416807662,8.21479414251569,52.1516267922223,5.13762716948136e-13,8.15273968005577e-12
"PVALB",-6.66818049550123,2.41068135035463,52.1451063437844,5.15471525683716e-13,8.17297662084895e-12
"MT3",-4.27569459488601,0.656672595863158,52.0091510351594,5.52425812757562e-13,8.70763496831569e-12
"OR4D10",2.68229552052413,-0.951529400586096,51.9482123955793,5.69839082669479e-13,8.95217198873751e-12
"TIMP1",1.6497888133286,9.5476627265445,51.8977092207098,5.8468589900874e-13,9.17776733398232e-12
"CD109",1.72749266477564,4.98293695183311,51.8444520424505,6.00761857131465e-13,9.4066133975435e-12
"ESRRG",-1.66030632425049,2.57590989568409,51.7792112196056,6.21059179791252e-13,9.69222488197407e-12
"VSTM2L",1.81548372217107,3.8767438039303,51.7594273980926,6.27348750600825e-13,9.78228175874835e-12
"FHL1P1",-1.57466229371276,-1.50725684139853,51.7483258251347,6.30905982720965e-13,9.82150254851828e-12
"GPER",-1.552067307342,4.06363142822862,51.732320855692,6.36069945360253e-13,9.89372162535601e-12
"TMEM158",1.68964254369733,0.076973561785899,51.6960098743739,6.47942964472e-13,1.0053515033931e-11
"GNLY",2.31064468751239,4.0184528417983,51.680419807161,6.53108438564929e-13,1.0125329180778e-11
"PTAFR",1.54943089827443,1.95288246756993,51.6495037847304,6.63474080710824e-13,1.02775787753167e-11
"PCDP1",-1.94726245774713,0.850204546770557,51.6158016934969,6.74961486281594e-13,1.04298147044103e-11
"CD300LF",1.66217901830932,1.30377346710323,51.5759524904078,6.88801206866564e-13,1.06088891763468e-11
"DLG2",-2.64144438010209,3.25099460778865,51.5068721911729,7.13469158273409e-13,1.09619564562105e-11
"EFHC2",-2.14219205734843,1.09614612501743,51.3962098068931,7.54841332043946e-13,1.15693242208882e-11
"LRGUK",-2.35792481839139,-1.56190684584748,51.2048116250048,8.32144097296822e-13,1.26614854901047e-11
"TSPO2",2.20019579458498,-2.90073151106364,51.1782856977891,8.43465005389519e-13,1.28233889367768e-11
"PPARGC1A",-2.50354071077406,4.78618922878001,51.1329811782842,8.63157913746443e-13,1.30681353506618e-11
"CD80",1.87341869799373,0.0405338233886518,51.1144409434235,8.71349026890819e-13,1.31729525701249e-11
"ENO3",-2.76930834953268,3.68900948278395,51.0663687948863,8.92951543404684e-13,1.34887199489304e-11
"ANKRD20B",-2.46212443149886,-0.511454039184424,51.0453330030106,9.02572341428569e-13,1.36231335313142e-11
"RGS16",-1.62551104448493,6.31055158376475,51.0396880928375,9.05171668326378e-13,1.36372956731769e-11
"DPY19L2",-1.98275380030088,3.13340400253881,51.0024615931894,9.22502059113719e-13,1.38573775445513e-11
"EPYC",4.89949881357983,0.0604011729899639,50.9694162039285,9.38163975738029e-13,1.40590359861791e-11
"TACSTD2",2.30626977569366,8.86372911278298,50.880561746204,9.8160900793596e-13,1.46634651486598e-11
"CUX2",-6.19862735560275,2.74825727467814,50.8774421039184,9.8317039554297e-13,1.46751609634015e-11
"MIOX",-3.0170628253511,2.34249233721542,50.840362116453,1.00192044228981e-12,1.49313867020138e-11
"GCK",-3.22527873527859,-0.346181200644047,50.8316398308793,1.00638273118252e-12,1.49860404804524e-11
"MXRA8",1.53272181015218,8.17852598705678,50.8022519205167,1.02156438090978e-12,1.52001039533632e-11
"CASP12",-2.23576381665765,-1.31758020586427,50.7224260241808,1.06396880810511e-12,1.5781227356725e-11
"GPR98",-2.90258729649471,2.64175708643987,50.7052424845042,1.07332483961962e-12,1.58927474004177e-11
"GPA33",2.10872230454235,-1.14950829457719,50.7039780090353,1.0740165599476e-12,1.58927474004177e-11
"HLA-DRA",1.66186942045708,9.56180646360021,50.6972349687614,1.0777128210547e-12,1.59349349823712e-11
"CIB4",-5.36358200776491,-0.770405997185767,50.6880302754068,1.08277901785389e-12,1.5997296273183e-11
"C20orf151",-1.69510716355678,2.81932938459634,50.554105783102,1.15924417811908e-12,1.70601649070265e-11
"NINJ2",1.56367015524973,0.530102884552603,50.5414135247649,1.16676546625136e-12,1.71307340886065e-11
"LINC00922",2.92359644472646,-2.86357013509522,50.5355352563484,1.17026538773833e-12,1.71687494861034e-11
"SLAMF9",2.68332510691939,-2.51847057340534,50.4697766367711,1.2101415729668e-12,1.76986725628938e-11
"UOX",-2.4727755219803,-1.32373165349552,50.4434969151409,1.22645538541782e-12,1.78648384575945e-11
"C9orf66",-1.79501871021842,1.02335272037172,50.4423234822882,1.22718893499813e-12,1.78648384575945e-11
"MFI2",1.57263071707383,4.02805911843211,50.4097712328082,1.24771433082677e-12,1.81356288085939e-11
"ABCG2",-1.77110749648589,3.77856671038113,50.366484979445,1.27554103547331e-12,1.85115470367535e-11
"PEG3",-1.52561798564541,3.74269067453881,50.2877959122468,1.3277268901521e-12,1.92245064002668e-11
"MMP16",1.95030775697134,3.28255796420837,50.2786612176126,1.33392170835908e-12,1.92993799278475e-11
"HLA-DRB5",1.98843390796015,6.80777481928221,50.2444264686233,1.35739690557397e-12,1.95639498959331e-11
"SCN4A",-1.91017415069665,4.2465356144325,50.2201900087437,1.37426567136676e-12,1.9791945329722e-11
"ADIG",-3.6103198951102,-0.483047691998106,50.1653216663287,1.413233581743e-12,2.03221048688169e-11
"PCDHAC2",1.64514025707799,3.50318399112396,50.1244726267782,1.442961215293e-12,2.07179777842373e-11
"SLC16A6",-1.55042209995709,1.0404186351971,50.0810472978659,1.4752502564935e-12,2.11493671752209e-11
"C14orf176",-1.67059097390314,1.04242764997254,50.0710094270753,1.48281624724978e-12,2.12255519310196e-11
"IGFBPL1",-3.41647428004602,0.846185744590812,49.9537331755722,1.57414294584240e-12,2.24816233447129e-11
"CHRM3",-1.88851174150392,0.743801542760237,49.9438974632412,1.58205348907369e-12,2.25774961211333e-11
"C14orf34",2.30731067009571,-2.9180241974968,49.9401571194478,1.58507215558125e-12,2.26002743530039e-11
"HSD17B3",-3.2310408352083,-0.894632093595614,49.9389504168411,1.58604726124677e-12,2.26002743530039e-11
"LIPH",1.90196738280967,5.30123973277436,49.8996254682696,1.61815544027981e-12,2.30229934793623e-11
"ARSE",1.85535818762332,-0.609897194190038,49.8915482967426,1.62483041436575e-12,2.31005301445122e-11
"NETO2",-1.54492437182018,2.89388335440254,49.7759987804128,1.72339315648367e-12,2.43731491268042e-11
"DCLK1",1.78632891060752,2.94617198046392,49.7744004866183,1.72479762794113e-12,2.43747262983105e-11
"TMEM61",1.66972194999232,-0.214600050211453,49.7508968849854,1.74558375019492e-12,2.464999614882e-11
"EMILIN1",1.6042101992406,4.47245125305302,49.7405042605443,1.75485453294059e-12,2.47538579034689e-11
"HHATL",-2.76580931977646,6.35322791868885,49.7397102884577,1.75556482160715e-12,2.47538579034689e-11
"GNMT",-1.90723111956116,-0.360153648905849,49.7200586080897,1.77323722642295e-12,2.49843558987485e-11
"GABRG1",-3.32566766999356,-0.680313423150432,49.7115534990348,1.78094081240957e-12,2.5074156979496e-11
"MT1H",-5.81299402306488,5.0515942198773,49.6928904008755,1.79796267887963e-12,2.52949197180886e-11
"MYH3",-2.73189662601308,2.33169271230939,49.5243984933537,1.95919938642464e-12,2.7326801814976e-11
"CYP1B1",2.04755377728257,6.77092116579488,49.5127520339969,1.9708647574307e-12,2.74610069527594e-11
"CLEC10A",1.97952108565588,2.11513259946666,49.4508101992047,2.03408516663269e-12,2.82375357594694e-11
"MYO1H",-1.96306258310459,-1.49016986681889,49.3956184785988,2.09212394035798e-12,2.89579445841621e-11
"PCDH20",2.40474106390343,0.999261783953176,49.3893493431809,2.09882040937087e-12,2.90080369189587e-11
"C16orf96",-1.80127740594542,-0.976677919532018,49.382337722933,2.10633538853279e-12,2.90516958763368e-11
"CEBPA-DT",-1.775952027265,2.53779067148806,49.382089065856,2.10660239035394e-12,2.90516958763368e-11
"CNTNAP2",-4.2138768463357,1.82540749842055,49.2051603795172,2.30543419866268e-12,3.17009814100575e-11
"B3GNT6",2.98699830670983,-2.09834322206909,49.124644289661,2.40203323955135e-12,3.2957154754019e-11
"HIST1H1C",-1.829803111264,6.09977638980722,49.1142808791478,2.41475744560103e-12,3.31076417196149e-11
"C11orf20",-4.58431221838013,-1.29729030454234,49.095215408693,2.43834250555085e-12,3.33824494659728e-11
"TPTE2P1",-3.48376965554529,1.51270824193962,49.0742614716142,2.46452970194841e-12,3.37164832664233e-11
"HPSE",1.51163274550604,1.41966986002371,49.0426276119467,2.5045983050499e-12,3.42398022094277e-11
"GGTLC1",-1.6091047306711,0.673623519216619,49.022468783977,2.53047164354092e-12,3.45684430608938e-11
"C17orf82",-2.35525840706856,-0.992923678409129,49.0122194277023,2.54372882593193e-12,3.46992589192972e-11
"FAM107A",-1.67652011591448,6.27830577480017,48.9595465190894,2.61296381731079e-12,3.55664937790202e-11
"CSTA",1.82573559201494,1.13465060855353,48.7757451243841,2.86966801094879e-12,3.8725111912961e-11
"KERA",3.53474984113082,-2.39161343939819,48.6350197123371,3.08314353196285e-12,4.13689835334973e-11
"TMSB15A",-2.13980887812919,-0.27154341278787,48.512110606858,3.28255480926824e-12,4.38573517110736e-11
"CHAT",4.86365282600736,-2.32821655768132,48.492340240499,3.31581474171201e-12,4.42703537611578e-11
"ST6GAL1",-2.24431472586733,7.18295944796613,48.4434954749393,3.39944001084691e-12,4.52586462461059e-11
"MATN2",-1.85442921662961,7.38943292734977,48.4284247491131,3.42566566009382e-12,4.55756168130478e-11
"GSTM3",-1.74142061791655,5.71133216182253,48.4175479676927,3.4447188349689e-12,4.5764509849777e-11
"BMP8A",-4.27706336894264,6.93703189403524,48.4130152900477,3.45269013103676e-12,4.58381086973978e-11
"COL9A3",-5.82449168105393,7.00730483758699,48.4004941049507,3.4748063067219e-12,4.60992600241529e-11
"CHRFAM7A",-1.70750350999082,2.09727742883175,48.3792542943831,3.51264689798935e-12,4.65685086644833e-11
"THBS1",1.72405806042481,6.7085488972003,48.3166777385953,3.62654688163735e-12,4.79436618601874e-11
"PSG1",3.04725376701955,2.03849936802082,48.2412570259305,3.76874831706993e-12,4.96842260653163e-11
"SYT3",-3.2162344412846,-0.623581759962102,48.234618425369,3.78152909707637e-12,4.97489681880678e-11
"MEG3",2.69139244834715,-0.0421038716052097,48.2026156962462,3.84375266073905e-12,5.05316772386699e-11
"ST8SIA5",-3.25726472539144,-0.76635820023159,48.1611047944881,3.92599218032624e-12,5.14692660525107e-11
"LTB",2.31203023042017,3.47636501683274,48.1509301777157,3.94641694213837e-12,5.17010786610094e-11
"RNF39",1.50320121525494,0.75006823428117,48.0979794608104,4.05444078929157e-12,5.28957216330274e-11
"DUSP13",2.33551663553034,0.120943022228285,48.0498354603731,4.15522490677251e-12,5.41730981621545e-11
"KCNK16",-5.98730619350628,0.221789869152735,47.9978759728521,4.26681133624612e-12,5.53980215639889e-11
"C11orf86",2.8505803492397,-2.18534343159715,47.985491664022,4.2938470499864e-12,5.56723552863436e-11
"TREML2",2.06216562775897,-0.981674608576046,47.9625232539385,4.34444316047431e-12,5.6250990701416e-11
"HLA-DQA1",1.92240717153647,6.53184359989369,47.8439501466603,4.61529045149155e-12,5.94313221253543e-11
"CORO2B",-1.77948596805002,2.68181277025689,47.816862197333,4.67949959671626e-12,6.01759388794645e-11
"CARD9",1.56175749229114,1.11016183164667,47.7915370900021,4.74033848966542e-12,6.08752460539323e-11
"TM7SF4",2.94188489744529,6.81798505548615,47.7139320238183,4.93174419604694e-12,6.31182902809755e-11
"PBX4",-1.69352295266052,1.91425038444527,47.6833218506483,5.00935141112153e-12,6.4068041249975e-11
"ADAM19",1.60171534439243,3.11801539712063,47.6392130867998,5.12333664911844e-12,6.53927843664054e-11
"DGKI",-2.87320405378908,2.44323634193976,47.6163838058046,5.18334745799557e-12,6.60313649992662e-11
"TSNAXIP1",-2.16410128915471,-0.498733333539493,47.6077643086901,5.20618783548638e-12,6.62260816967539e-11
"PYGM",-3.24172664266978,2.8868074018484,47.5785257912121,5.28441851650141e-12,6.70854261771613e-11
"CALN1",-5.13322669139603,-0.349261162999291,47.5716781831013,5.3029093797328e-12,6.7274863813407e-11
"LTA",2.18742727978906,-0.588244383106967,47.5527795515455,5.35427874962293e-12,6.78352573843357e-11
"AGTR1",-2.95903450064029,1.34535779100897,47.5510109841107,5.35911139502265e-12,6.78508851705621e-11
"ANO2",-1.749953463819,-0.19250845049806,47.4315179925858,5.69594543883154e-12,7.18260624835132e-11
"ESM1",-2.26918798711562,4.48472485797388,47.3073941574974,6.06828749477893e-12,7.61646843219523e-11
"ANXA2P3",1.73982029180186,-0.988915971597223,47.2875387989798,6.13006869934494e-12,7.68378026064167e-11
"SFTA2",2.05229626874502,0.801440708515215,47.2574420644626,6.22491897740959e-12,7.7923089350681e-11
"MCHR1",2.92211903231235,-2.52463910726225,47.2120157587564,6.37086943276453e-12,7.95388281764748e-11
"LTBP1",1.6091160552027,5.0965272070142,47.1377116951652,6.61702058476787e-12,8.23393214944185e-11
"CYP27C1",2.35794964105668,-1.78071865852913,47.0937074815207,6.76726013101782e-12,8.4042416330664e-11
"UPK3BL",1.83738027139338,5.68977166624189,47.08003649658,6.81462719819055e-12,8.45749519027573e-11
"SYT9",-2.30960140606787,-0.129373771685158,47.0697891260846,6.85034961248925e-12,8.4962362430689e-11
"ANKRD9",-1.56956453473836,1.51867391161391,47.0638818893797,6.87102737929978e-12,8.51627930010253e-11
"C3",1.97033943080216,9.10673561115473,47.0587875175034,6.88890994075426e-12,8.53283378469772e-11
"SLC15A2",-1.56991719828301,4.05317725586691,47.0152195267781,7.04375993732876e-12,8.67901714630861e-11
"SCUBE1",-3.11887120650286,3.00947598520806,46.9755441152747,7.18780349805311e-12,8.82765286940047e-11
"RFX4",-3.05012287752402,-2.14662746712386,46.9655049666983,7.22471612115191e-12,8.86721017682004e-11
"DIO1",-4.48347488867432,6.76897558275944,46.9489091474355,7.28615325952842e-12,8.930985776894e-11
"DCN",2.20934021265901,6.84345889693367,46.9363608559084,7.33295349128752e-12,8.98251067041926e-11
"CLDN2",2.29432379582712,3.9817891951897,46.9307867306261,7.35383919286403e-12,8.99640340453425e-11
"MYRIP",-1.55702054651792,1.69221504499415,46.9263997840815,7.37031850894184e-12,9.0052215554816e-11
"LIMS3",1.85990984278888,0.853035008740567,46.8641288835804,7.60826087079293e-12,9.2835555945753e-11
"SSC5D",1.58749027687683,3.19284277253267,46.8422690808451,7.6935995758186e-12,9.38161314381192e-11
"C19orf51",-1.70187550517601,2.0589469692243,46.833830814945,7.72679749689428e-12,9.41460373285628e-11
"FAM189A1",-2.90032272617527,2.3992535437416,46.831590328886,7.73563610343432e-12,9.41460373285628e-11
"FAM69C",2.27459155859188,-1.58891752644118,46.8255549367782,7.75949580039166e-12,9.43754934380539e-11
"RAET1E",1.65804419247839,0.555043869565641,46.8093131806522,7.82407071773733e-12,9.50709284645786e-11
"SLC35D3",2.85453153940068,-2.38729832974561,46.8049054986638,7.84168763236785e-12,9.51909177368955e-11
"PDE8B",-1.78587343343743,7.39417801992399,46.7706868805874,7.9798121949252e-12,9.67346035412448e-11
"BRSK2",-2.14643380905235,-0.808360418399099,46.7695978172632,7.98424799014306e-12,9.67346035412448e-11
"C5orf47",-2.35575006390211,-2.56008408424576,46.709023282476,8.23489585235351e-12,9.95793820452652e-11
"SUSD5",-1.80933541251774,2.91845487942219,46.6814480388756,8.3515916294689e-12,1.00925772691505e-10
"SERPINA11",2.5941849330519,-3.15279085349834,46.664402948382,8.42455102709507e-12,1.0167710368937e-10
"LINC00930",-2.43763400117747,-1.23158908989163,46.6278526059523,8.58315792834485e-12,1.03525075665488e-10
"SCARA3",1.54397502150018,7.59680454941503,46.6150934751419,8.63922587989557e-12,1.0413470990268e-10
"GPR158",-2.93310395636202,-0.00269960673220146,46.5955833566803,8.72566956783605e-12,1.05042351655712e-10
"KIF19",-3.71234816480756,1.43145413227321,46.5822950719419,8.78504117500062e-12,1.0568959555272e-10
"MIRLET7BHG",-2.11949526314751,0.186423728456084,46.5067912761388,9.13014698203286e-12,1.09561763784394e-10
"JAK3",1.53321413676907,4.38090861671272,46.4596707841704,9.35236376185352e-12,1.1208567173456e-10
"TTLL7",-2.08499195246886,0.595553605942551,46.439268697138,9.45025009281984e-12,1.13186858163812e-10
"RAP1GAP",-1.81754378823533,7.47712609776036,46.4237760806068,9.52526585561755e-12,1.14012896450858e-10
"CTNNA2",-3.80543748987097,-1.50769617156352,46.4200531667267,9.54338096317165e-12,1.14157244871645e-10
"STXBP5L",-3.74213376957302,2.59011369448786,46.3877828889689,9.70185480824684e-12,1.15979306813614e-10
"LST1",1.51441391473537,2.80521682401492,46.3836010326772,9.72258303753747e-12,1.16153444501683e-10
"LYZ",1.97724404271057,7.30060068450227,46.3674120216463,9.8032459687982e-12,1.17042934137925e-10
"FOXJ1",-3.51217674823375,1.85223369267485,46.3651107339836,9.81476654574762e-12,1.17106315772427e-10
"CAMK2N1",1.59550693453835,7.38788022919987,46.2855803219569,1.02213436197619e-11,1.21496071828343e-10
"OGDHL",-2.41148390418581,5.20654514981949,46.241734662307,1.04526567024512e-11,1.23933008902271e-10
"FOXA3",2.31341512523205,-1.12031311794764,46.2291640131007,1.05199358872613e-11,1.24586429164023e-10
"TM4SF4",2.53173820110021,2.50290513571209,46.2079930096878,1.06342259654009e-11,1.25769402697452e-10
"IPCEF1",-2.62374413756918,4.56581608121285,46.0705640880366,1.14069510850869e-11,1.34654879058271e-10
"ROR1",1.95798207979022,0.948013108964776,46.0361702592529,1.16089755054832e-11,1.36868296578717e-10
"ADM2",-2.25555585345783,4.87499037292099,46.0048345450235,1.17961529456792e-11,1.38901358733257e-10
"SSPO",-2.62495338258419,0.884983571639501,46.0029166754296,1.18077065445444e-11,1.38950614093478e-10
"PDPN",1.8391663435006,1.92780063510893,45.982443308316,1.19317498694249e-11,1.4023525469975e-10
"SAMD5",-2.34762416230286,2.07043883095369,45.9647811676886,1.20398080150758e-11,1.41241108089738e-10
"EDNRB",-1.64803214304746,5.74214921897067,45.9222326591897,1.23041615534156e-11,1.44252520898626e-10
"TMEM171",-1.91099390932034,3.19235343675456,45.8430526594806,1.28116681920644e-11,1.49829757293299e-10
"FBXO15",-1.70906566345594,0.0689879893272465,45.8405861135633,1.2827809687827e-11,1.49925522774281e-10
"PREX2",-2.22698676647729,2.02717850422657,45.8199833672523,1.29634350860668e-11,1.51229380100576e-10
"RASL10B",-1.78620640468119,0.846653900780255,45.7829503275375,1.32108375723753e-11,1.53735006120012e-10
"C17orf50",-1.85369904478827,-1.65604132835732,45.7755161074069,1.32610692057873e-11,1.54224353280384e-10
"MOV10L1",-1.88809552617614,-1.41075498360269,45.7699676549616,1.32986835942176e-11,1.54566450751042e-10
"LGALS12",1.7799002630315,-2.23094603083566,45.7613953715958,1.33570073515134e-11,1.55148676888929e-10
"CXCL2",2.16318638052398,4.14618472261167,45.7226399048343,1.36239018090194e-11,1.58151352773174e-10
"COLEC10",-2.25164286744915,-0.760230831468093,45.6039828951914,1.44746954870551e-11,1.67306535451847e-10
"NKD2",1.95354514712985,0.747171130511873,45.5694323063357,1.47322826828574e-11,1.69971232030127e-10
"METRN",-1.53615215315871,4.66424909063628,45.4076547049895,1.60007798295909e-11,1.83818830802832e-10
"EMR4P",1.83121034456023,-1.38104744160705,45.3988266994528,1.6073063659694e-11,1.84536782041748e-10
"RGS17",-2.71053261312195,-0.625654390967472,45.3939307278599,1.61132927374378e-11,1.84859552207391e-10
"CLDN16",2.31117882413543,5.3496690975814,45.3921856839936,1.61276557109511e-11,1.84859552207391e-10
"SNHG9",-1.55693626931944,1.60532766994554,45.3579042517332,1.64124296389209e-11,1.87861034336938e-10
"ADRA2B",-1.65575417894595,0.463012065340233,45.3400642498251,1.65626109445805e-11,1.89235358501353e-10
"L1CAM",2.33280259147561,1.59159812567244,45.3055369569088,1.68571878948724e-11,1.92484376858955e-10
"LOC100132354",-3.04425503957472,0.786076369916183,45.183274925181,1.79430933628043e-11,2.0426521502149e-10
"SCGB2A1",-2.53851709610673,0.889445806366496,45.1581798698381,1.81744989468339e-11,2.06525409370532e-10
"KCNK17",-3.12621236937698,2.10359736210843,45.118486317328,1.85466337069737e-11,2.10373729629283e-10
"CNTFR",-5.23395268431473,2.55339989584183,45.0773751090205,1.89401011191997e-11,2.14707628562329e-10
"TMPRSS11F",2.53473119528435,-2.87315542023282,45.0373782053499,1.93309204439431e-11,2.18874782107637e-10
"CACNG4",2.52331486367572,2.85122976841007,45.0346854862911,1.93575197941157e-11,2.19044395653463e-10
"SLC16A2",-1.67779271181893,5.22939379100664,45.0110332708136,1.95927419949917e-11,2.21307592624076e-10
"HLA-DPB1",1.58763022301142,7.92681338791267,45.0025168518833,1.96781367996634e-11,2.22139062842667e-10
"RGS4",2.28416257396391,3.69169505734227,44.9797948138641,1.99077997075634e-11,2.24462823018532e-10
"PDE1B",-1.52127572386279,2.87119537041627,44.9699700652593,2.00079322669263e-11,2.25456986907409e-10
"ZCCHC5",2.44143975411451,-2.93982706999939,44.9312374409849,2.0407625447832e-11,2.29002711275314e-10
"TEKT4",-2.22591802371277,-0.352235678866005,44.9158185813366,2.05689521874139e-11,2.30675720783538e-10
"LRP2",-2.0488726582858,6.99468589299377,44.8813791342731,2.0933914979038e-11,2.34211373996929e-10
"CEBPA",-1.55103502330982,4.63427196025975,44.7520660723151,2.23630849633455e-11,2.49313351702537e-10
"KIF6",-1.50760629003115,0.360404418780221,44.7124184908506,2.28205320631509e-11,2.54112622831967e-10
"MSMP",-3.77007889864761,3.82176314526008,44.6279115017005,2.38270572249048e-11,2.64072711818875e-10
"WDR72",-1.80839680250207,5.62346745809658,44.5468116384773,2.48347610057081e-11,2.74756405211038e-10
"NRSN1",-3.47783768630037,-0.12702226536522,44.4837366786195,2.56478955143515e-11,2.83087895923041e-10
"CECR4",-1.61620669564325,-1.32061100150965,44.2706577996678,2.85970636848277e-11,3.14350929787972e-10
"RAG1",-2.30202442133483,1.52060666478668,44.2563079514103,2.88074620575228e-11,3.16294860051497e-10
"GPR109A",1.98099040185463,0.875257166630951,44.209614216483,2.95028714286018e-11,3.23553305510181e-10
"TFCP2L1",-2.62842065834689,5.19214129019782,44.1130079976806,3.09954304144225e-11,3.38543368582094e-10
"XPNPEP2",2.10891526382736,-1.15747812544603,44.0730793015953,3.16341863249608e-11,3.44721202657896e-10
"ATRNL1",-3.17949104953034,0.960051060415737,44.0511494899927,3.19905947862907e-11,3.48403635419499e-10
"C4orf17",2.48610901922852,-3.05278622380696,44.0096032976107,3.26768703228513e-11,3.55057267623281e-10
"CCKAR",3.70650008200481,-3.13283433451918,43.9917547251674,3.29762065803108e-11,3.57897205787001e-10
"VAV3",-1.73322749600114,4.90293563380194,43.989915399053,3.30072092615354e-11,3.58027565591752e-10
"FCRLB",1.56069553379426,1.22171497887816,43.956938111853,3.35680333938263e-11,3.63483380551644e-10
"LRRC4B",-1.57131546506168,1.02155585805932,43.9371435955136,3.39092367767072e-11,3.66546405799589e-10
"FAM5B",2.30624416123822,1.25274308866464,43.923662740488,3.4143594855238e-11,3.68656958883704e-10
"SLCO4A1",1.70650679335421,2.55421840800716,43.9179933610483,3.42426378699778e-11,3.69514716156166e-10
"CSF2RB",1.51195899203748,3.5727437771054,43.8457692838978,3.55298339278387e-11,3.82747673832923e-10
"GPR1",2.37181342972721,-0.745950770906432,43.812584905803,3.61373844912424e-11,3.88626339092357e-10
"C5orf23",-2.5321974598882,4.08003078922644,43.8082239900239,3.62179948350033e-11,3.89049366740446e-10
"HCN4",1.68444240098576,2.45941240805,43.7451030451997,3.74051279031185e-11,4.01344035987245e-10
"BTNL8",-2.36370901826985,-1.8036983208678,43.5829433054055,4.06365497535552e-11,4.33794018094011e-10
"BTBD17",-6.35548938808775,-0.408129594221814,43.5777331189446,4.07448845470398e-11,4.34704337001016e-10
"MFAP5",2.65746722186525,2.59552594695749,43.5740592089378,4.08214494710904e-11,4.35187797004856e-10
"NR0B2",-4.8060923356368,-0.791484342261738,43.5450229145071,4.14316596477804e-11,4.40535616288752e-10
"KIAA1324",-3.3905407251733,4.16299055415245,43.5207906279563,4.19478950868349e-11,4.45020663014638e-10
"EMX1",-3.98767437978156,-2.7123877781475,43.513186805707,4.21112073674755e-11,4.46501957981804e-10
"SOX18",-1.51777720907855,4.04456604314273,43.3598756289704,4.55431877377487e-11,4.80997297048761e-10
"KHDRBS2",-2.68136729871056,1.17041276611131,43.2699044157073,4.7686199443199e-11,5.01103808195757e-10
"KCTD8",-2.22541991372907,1.48278118093501,43.2514283039451,4.8138618948464e-11,5.05294679519178e-10
"TDGF1",-2.50024163759853,-0.792427751753711,43.1866113647993,4.97600188033632e-11,5.2086389477013e-10
"BMP8B",-1.63647551795046,2.80946542865492,43.1650315632946,5.0311878792192e-11,5.2576471119202e-10
"HSD11B2",-2.15586115546306,3.27479835108548,43.1628185615953,5.03688170448949e-11,5.26068110210725e-10
"WNT10A",2.26491916230543,3.31861541596892,43.1486818392001,5.07340654435352e-11,5.29589480477036e-10
"KLK15",-5.09334480948876,-0.489001186350711,43.1423985412255,5.08972559693597e-11,5.30998931673696e-10
"KCNK4",-2.63657798061178,-2.10446706652939,43.0687700019884,5.28491511416113e-11,5.5044872780202e-10
"SFRP1",-4.26125488167571,5.75349848786236,43.0505642794355,5.33432300414225e-11,5.55288002617834e-10
"TRIM67",-2.47796129228489,-1.92841019585347,43.040435014886,5.36201237613238e-11,5.57862347212183e-10
"DEFB131",-2.83539322092981,-2.74836703410129,43.002720155146,5.46638083420543e-11,5.67468124925335e-10
"BCO2",-1.96800552771564,1.18629015055697,42.959682065009,5.58796676726096e-11,5.7849725149041e-10
"CACNA2D3",-2.48206651862157,0.667111258312562,42.9126269778915,5.72400095981855e-11,5.90311083667939e-10
"CCL14",-1.68139350562759,3.67106036789144,42.9035071874882,5.75074687483967e-11,5.920976520179e-10
"CYP26B1",-2.13223183192619,2.80405982764004,42.8424551680932,5.9330467451588e-11,6.10200748716496e-10
"SYT12",2.48099939793189,6.55912905229853,42.8355805312888,5.95393324970751e-11,6.11681469337798e-10
"EDA",-1.96170680132905,4.41668731788824,42.8216487302375,5.99648679378606e-11,6.15717696276987e-10
"MMP13",4.67118101683948,1.59043642977392,42.784941800587,6.11006851418088e-11,6.26697560551349e-10
"CKB",-1.52515234316007,7.47257461240257,42.7678343069477,6.16373722236756e-11,6.31858478064564e-10
"C1QTNF9B",-1.89938180949741,-1.41797753240835,42.6746156475659,6.46457761853256e-11,6.58757931159869e-10
"GAPDHS",-2.50710565438231,-1.50484495697266,42.5936990001032,6.73760771964974e-11,6.83798336684028e-10
"FSD2",-3.00450601018263,-1.50281285709452,42.5932008831137,6.73932372989033e-11,6.83798336684028e-10
"FAM132A",1.94942395572562,0.486114892198699,42.5595776681678,6.85617267363996e-11,6.9415986704329e-10
"C11orf41",2.20202899067039,0.931026328187091,42.4747350476048,7.16011626330978e-11,7.22991493282893e-10
"TMEM100",2.04747102801285,3.84535040574844,42.4453601025241,7.26846374045761e-11,7.33146487079223e-10
"AQP7",-3.31377932962269,0.78757999071888,42.4220411109142,7.35564154907025e-11,7.41543072101991e-10
"LRRC67",-2.0082496362748,-2.09007634938884,42.3622476709057,7.58399137466553e-11,7.63339057101946e-10
"FCN1",1.94740806245917,1.87450563924561,42.3135053311314,7.77537734851226e-11,7.81350819691647e-10
"RIMBP2",-2.08061173617176,2.06979460903691,42.304772687687,7.81017310310456e-11,7.84429319870683e-10
"HLA-DPA1",1.62995412067566,8.50954474102254,42.2710339649581,7.94607780907596e-11,7.97229690562533e-10
"TGM1",1.54783876726155,2.58648706266823,42.2486477304669,8.0375568748886e-11,8.05550357285486e-10
"NRXN2",-1.92889919919758,3.04337949838895,42.2431606361321,8.06013972726979e-11,8.07384453445749e-10
"BMPR1B",2.05916367043266,-1.25419663039103,42.2150541771088,8.17681527206256e-11,8.17334684564811e-10
"TNFSF4",1.56363304787943,1.73786613729184,42.127673111342,8.55046060009914e-11,8.53777983226001e-10
"LOC284798",-2.97634505225954,-1.84160293031117,42.0395983597022,8.94436995655039e-11,8.89811411192021e-10
"C20orf123",2.37834664596162,-2.57150197295213,42.0351849556603,8.96457977215041e-11,8.91351571015715e-10
"LINC00896",-1.67376425181773,0.568056788553042,41.9255408547567,9.48160213820595e-11,9.38305320259625e-10
"EGF",-2.25417792638855,1.18411596402338,41.9043801855582,9.5847687166714e-11,9.48017103078118e-10
"KCNJ10",-2.04407191102491,0.604079755362434,41.8696560867895,9.75650285320432e-11,9.62982155961297e-10
"PDE10A",-1.725356809456,4.03474543951777,41.8648975540422,9.78027575690064e-11,9.64823435735692e-10
"RBM24",-2.57574088064132,-0.109824717051665,41.8031855983991,1.00938828225758e-10,9.94199994624868e-10
"KRT27",-2.3307526965788,1.44334990519279,41.7931201716895,1.01459795708602e-10,9.98809435351726e-10
"ATP2C2",-2.40970838565197,2.4583504209739,41.7915145708462,1.0154314713356e-10,9.99108251441483e-10
"LINC02347",2.41650770129651,-2.89687501952529,41.7884418101467,1.01702854266936e-10,1.00015764665638e-09
"HIST1H2BC",-1.70464964810015,1.50667274986779,41.7865653798062,1.01800505606154e-10,1.00019155356881e-09
"APOA1",-4.11741543985751,2.24666337520063,41.6735155685897,1.0786023228644e-10,1.05411150806841e-09
"S100A7",4.10645752704633,-2.85712306683219,41.6706319922572,1.08019432319939e-10,1.0551203824329e-09
"DIRC1",2.56129081563205,-3.18500722832246,41.654100313633,1.08936683946028e-10,1.06352893099457e-09
"NEU4",-3.1629492243899,-1.27839089163134,41.6416142339142,1.09634632287903e-10,1.06938108347937e-09
"SPTBN4",-1.50344290875786,1.76563436751729,41.6167689749824,1.11036778928914e-10,1.08235023597099e-09
"COMP",2.54894272758249,5.74714502820727,41.6063317367867,1.11631147556531e-10,1.08758159882983e-09
"C15orf26",-2.33438341845751,-1.38954524405954,41.5775459926789,1.13286963683838e-10,1.10200507707312e-09
"SCTR",-1.72077706070374,-1.96472619110885,41.5346495548229,1.15800184678214e-10,1.12355382478316e-09
"RHOV",1.6978423481534,2.24408023973069,41.4166124426587,1.23007598863667e-10,1.18798117509112e-09
"AQP3",1.68773643253302,2.17738131993624,41.3133306083481,1.29681486314713e-10,1.25051426087211e-09
"CHRDL2",2.11430351266602,-1.94125900063653,41.2491241066937,1.34011883532136e-10,1.29029214930941e-09
"PLXNC1",1.73399348179645,5.06865787396367,41.2379698948562,1.34778801835543e-10,1.29635202663452e-09
"DNTT",-4.25609050253165,-2.00910017223877,41.1899012419483,1.38134389232025e-10,1.32727293873708e-09
"KCNJ13",-3.16483488797702,1.39133360148873,41.0859068499428,1.45683015653373e-10,1.3927059894003e-09
"H19",2.13142935632549,5.15898725659387,41.0454677859282,1.48728656479232e-10,1.41822591398406e-09
"MAOB",-2.44449795888142,3.25967048521793,40.9728702482265,1.54357103911026e-10,1.46744332976836e-09
"OR5A1",2.38006935568635,-2.83294708981303,40.8207585376434,1.66851277677514e-10,1.5790563688637e-09
"EDN3",-4.03563744564069,4.5135563913417,40.7945263326983,1.69106090088465e-10,1.59959257920107e-09
"PLAC2",2.38196449070744,1.88585364383988,40.7917344925819,1.69347853964891e-10,1.60107609977238e-09
"GOLGA9P",-2.44534130778601,-0.745297350725337,40.7794642906399,1.70414520546342e-10,1.60874038124168e-09
"TMC3",-2.408949556253,-0.698816085776557,40.7514932288523,1.72871294649336e-10,1.63029997335131e-09
"C19orf21",2.07802526427106,3.29270545578648,40.7062817885698,1.76917531516093e-10,1.66415575157239e-09
"ITGA11",1.71381448038366,3.0107941647334,40.7011554969383,1.77382256751915e-10,1.66700413972438e-09
"INSL3",1.67991546602135,-1.34584363150232,40.6831768735198,1.79021792982387e-10,1.67989987123143e-09
"VLDLR-AS1",-2.05647921746931,0.0302821739748773,40.6754370015213,1.79732283181104e-10,1.68572786195531e-09
"C18orf34",-2.23467850187286,-0.718856608453514,40.6487473722276,1.8220400735101e-10,1.70806063977187e-09
"C10orf107",-3.38102904008792,-0.522316998139947,40.5851471700461,1.88232047274446e-10,1.76106727306097e-09
"SYN3",-1.50318173875239,-1.41789070785967,40.5733699983135,1.89370003714354e-10,1.77083497520982e-09
"ITGB8",1.53845982883971,5.11157554496197,40.549398726507,1.91707520760363e-10,1.79091683913497e-09
"RPS6KA6",-1.78533675184759,1.6597809681504,40.5115044645157,1.9546177679881e-10,1.82418089911444e-09
"OMD",2.50050490803044,1.81886607701195,40.5011632884787,1.9649901951587e-10,1.83114162922055e-09
"PPP2R2C",-4.85707080908765,0.990924665692091,40.4891628929552,1.97709594785761e-10,1.84151249056381e-09
"CEACAM8",3.34797832078974,-2.40291586563819,40.475222892721,1.99125210130942e-10,1.85303583428614e-09
"KCNA2",-3.23676430356962,-1.04192976224582,40.46386827249,2.00285773777146e-10,1.86182811008223e-09
"CEACAM4",1.9906920728617,-1.8517888142785,40.3745736333626,2.09651837184077e-10,1.94601498502915e-09
"LPAR3",2.28168075872042,-1.77827394730017,40.3285663294228,2.14647402133651e-10,1.98659718816559e-09
"MDS2",-1.78365105006939,-0.275257593311938,40.2658483490671,2.21649948203372e-10,2.0463001094662e-09
"NWD1",-3.16315359811687,1.15315738553024,40.221092725795,2.26786372567175e-10,2.08962692846353e-09
"TUBA3D",-1.99925895328004,-2.09467391620915,40.217762053423,2.27173350679029e-10,2.09217000830535e-09
"CRIP3",-1.98198904333773,-1.39650137368861,40.2023635313395,2.28971056665034e-10,2.10564017573133e-09
"SDK1",1.8919555421843,5.06084814226048,40.1472576934943,2.35521880541463e-10,2.16166430962399e-09
"NKPD1",-1.80130275565856,-0.595870797551847,39.9791799673358,2.56684249843836e-10,2.34908014037582e-09
"RSPH6A",-1.93953146302322,2.01772620772677,39.9718231533084,2.57652824878687e-10,2.35332899932801e-09
"ATP1B2",-1.90355538605038,4.05483439225758,39.9584810208034,2.59418752573011e-10,2.36831105254548e-09
"WNK2",-1.73517893426713,1.46647853905635,39.9464888145267,2.61016345294385e-10,2.37983723273221e-09
"LINC00964",-2.46342195536067,-2.82244695242165,39.9179796796232,2.64853962706979e-10,2.40976201976446e-09
"CLRN3",1.53796497319621,-1.81465620528628,39.8684309888602,2.71658600239715e-10,2.47048139494409e-09
"OR2T8",-2.00685786724941,-1.57778143181198,39.84621461095,2.74766191773277e-10,2.49633361316136e-09
"BVES",-1.96198691790685,1.39630001484327,39.8022507922027,2.81021067873463e-10,2.54824875976456e-09
"HK3",1.68300522388512,2.28227632597026,39.7193328782195,2.93208645720128e-10,2.65365789203834e-09
"IL24",1.88756521174105,-1.55563424181343,39.6826480965336,2.98768215592156e-10,2.70008552269575e-09
"COL9A1",-2.17925911891186,-0.724685671591246,39.6757413516091,2.99826676024544e-10,2.70835289718002e-09
"C8A",-4.28877768769943,-1.0879850259759,39.6162541466139,3.09099921894883e-10,2.78811087443174e-09
"NMU",2.87126407893826,4.1056003154866,39.5398265631643,3.21436610292958e-10,2.88833316360479e-09
"ZDHHC22",-4.53936020095201,-1.25453115604118,39.5224205106513,3.24314458022456e-10,2.91255408550943e-09
"ALDH4A1",-1.60445775645376,4.30526622882676,39.5213535658819,3.24491699126292e-10,2.91255408550943e-09
"GRIN2C",-3.05585306419966,4.40781984651583,39.5207284187145,3.24595593764869e-10,2.91255408550943e-09
"DPP4",1.66834195309594,7.39659378653077,39.5043569275285,3.27328296976984e-10,2.93288643279948e-09
"DHDPSL",-2.51987632239843,0.52867556420806,39.4801924332471,3.31403938672631e-10,2.9637699486985e-09
"CD177",3.75975928810707,3.9206346919539,39.4704055986757,3.33069028962157e-10,2.97583759904956e-09
"C13orf36",-3.89027460714206,2.2174052156508,39.4060933098565,3.44221159801566e-10,3.06965813840072e-09
"VSTM1",2.32545989605457,-2.84655673699579,39.3316402715178,3.5759948136763e-10,3.17993652016158e-09
"IL22RA1",-1.78322012709347,2.47460632383664,39.2961374678089,3.64160982655677e-10,3.2337083584667e-09
"IGF2",-4.00049712358465,7.58165486725094,39.2394656367364,3.74885544285474e-10,3.31800107083087e-09
"IGFBP6",1.777798984088,7.56235347311568,39.2098975858613,3.80605936731178e-10,3.36389269538498e-09
"HAPLN2",-2.39383927114858,-2.08279986798866,39.1515879524418,3.92144189535033e-10,3.46100293123335e-09
"BCL2A1",1.59811305590804,1.85430390997336,39.0689747430697,4.09093690522222e-10,3.59712418550603e-09
"C15orf55",2.06461179837386,-3.06250732702453,39.0624952709817,4.1045367927518e-10,3.60739988890242e-09
"COL23A1",-2.13525391565317,5.63069184543084,39.0207196664612,4.19331368431337e-10,3.67514409933406e-09
"CCL16",-2.05112263123928,-2.55517408491022,38.9923613637761,4.25467049289884e-10,3.7202712491711e-09
"QPRT",-2.10660775714805,3.66533462366434,38.8699720212908,4.52995444901323e-10,3.94633554865052e-09
"CSMD1",-3.45879126739948,2.21125956669075,38.7422058257836,4.83637560678648e-10,4.19582848316331e-09
"WFIKKN1",-1.76818215537605,-0.37425236524169,38.7271759139437,4.87375965060601e-10,4.22437319233216e-09
"C10orf90",-4.26774203388383,-0.916542558494781,38.669925184259,5.01882907431122e-10,4.3421278434564e-09
"C1orf65",2.16045092923133,-2.53854566855126,38.6169059023345,5.15702921626521e-10,4.45147961469926e-09
"KIT",-2.45747855955384,5.13562373012092,38.6095311230957,5.176551808523e-10,4.46628625603092e-09
"PPYR1",-3.7395185778192,-1.48099513343829,38.6074382388017,5.18210557994555e-10,4.46903268038122e-09
"FAM124A",-1.65909472251169,0.451677795514564,38.5847328257012,5.24274245567368e-10,4.51719290559233e-09
"INSC",-2.60837579489305,-1.11416289291899,38.5791816554084,5.25767511200441e-10,4.52385628532666e-09
"HIST1H3H",-1.85493829207036,-1.47889719316584,38.5532105830966,5.32810494831272e-10,4.58236471193391e-09
"KCND2",2.04282837963084,-1.3162047997643,38.5202690583708,5.41879814790616e-10,4.65187534992381e-09
"C15orf59",-1.91200924414815,0.101740709824385,38.5093005462495,5.44933789002402e-10,4.67580596586188e-09
"C9orf153",-1.62612059944999,-2.54956980190964,38.5084781669801,5.45163458145789e-10,4.67580596586188e-09
"FAT3",2.00244819004454,-1.75904835175581,38.4836886295394,5.5213220756317e-10,4.73342263618958e-09
"GPR83",-2.13921574030345,2.41736779269322,38.3497710927397,5.91350252727004e-10,5.04668853074218e-09
"INHBA",1.86760076035934,1.96702455986901,38.30530175259,6.04980569312359e-10,5.15600980681582e-09
"SLC27A6",2.28305803423216,6.17115435926325,38.2702775696511,6.15936919237917e-10,5.24464444510985e-09
"IRX6",-4.81501984044049,1.34052759564987,38.236096917836,6.26820908331941e-10,5.33250350355313e-09
"ABCC4",-1.75362710570685,3.56050449616212,38.1867394642901,6.42878256356966e-10,5.45433883386208e-09
"C5orf49",-1.73297453443743,-0.234261492481769,38.1525990735246,6.54225399808872e-10,5.53566303285316e-09
"NPR3",-2.62055312046698,2.17988384716421,38.0528588722732,6.88537496296559e-10,5.81034417197078e-09
"LINC01096",1.96872907521898,-2.7952916268601,38.0068198978329,7.04977763717923e-10,5.93844539839602e-09
"IFLTD1",-4.13137117917261,-2.54421112048537,37.920984298545,7.36685894910913e-10,6.19170864505597e-09
"DGCR10",-2.59954355741095,-1.90149132306789,37.8985586280178,7.45202765365953e-10,6.25214175909165e-09
"C1R",1.57138649538791,6.28001495650143,37.8407763110612,7.67604487137623e-10,6.41439707070854e-09
"CXCL3",1.84230503246708,-0.403597625588989,37.8371609598391,7.6902833418043e-10,6.42344800884779e-09
"MMEL1",-4.95937360599101,0.00766886081534114,37.6313126395083,8.54615064794256e-10,7.09432109269102e-09
"C6orf52",-1.86729235316049,-1.36393706261002,37.6130996156257,8.6263209127516e-10,7.15772015172505e-09
"RPL23AP32",-2.5972128026112,-2.38351610983144,37.6064087136687,8.65596174193728e-10,7.17915489480869e-09
"KCNK3",-1.88573111908132,4.36030869698702,37.585421338777,8.74959944250003e-10,7.24725169991259e-09
"WBSCR26",1.68981237849848,1.40001605171789,37.556615302491,8.87977459037793e-10,7.34861767242339e-09
"MT1E",-1.78120780801809,7.00362367788917,37.5301921920786,9.00088569833784e-10,7.44231128004671e-09
"LRRC37A6P",-1.68993231998832,1.47188070595982,37.3883138374372,9.68004136509834e-10,7.94462950869978e-09
"RDH12",-2.02410214292382,0.555927949111109,37.3766243114883,9.73823474834243e-10,7.98543721077649e-09
"UGT3A2",-4.00091163770764,-0.172807695699133,37.2777088889335,1.02448952549504e-09,8.37903537294249e-09
"IL4I1",1.5705991599152,2.83994369512461,37.2612059659759,1.03319587007318e-09,8.44291657677489e-09
"GP9",-2.40160024917726,-2.9502815485135,37.2247943637162,1.05266825422447e-09,8.59458723630994e-09
"C6orf122",1.51392922937858,-0.253108357312566,37.1491793997022,1.09428786673841e-09,8.90003361540099e-09
"SLC5A8",-3.66803207062998,4.19775596713541,37.1491072727268,1.09432834290789e-09,8.90003361540099e-09
"SNX20",1.65463123688788,0.961578789872638,37.0532636466855,1.14946027802591e-09,9.31225834178959e-09
"OSBPL6",-1.82557751391232,1.01966703191055,36.9731219721805,1.19768927111617e-09,9.69464926538514e-09
"ENPP3",-3.60031992449059,1.87308617084128,36.9070890461854,1.23894653159117e-09,1.00114102072682e-08
"C20orf201",-2.56151053049089,-1.8967243728629,36.8825567624609,1.25463422910359e-09,1.01294922856792e-08
"PLA2G4F",-2.30571077721686,2.32180407213681,36.868302347075,1.26384071975568e-09,1.01907293622045e-08
"CD52",1.55100653244713,4.43181599111595,36.8287658632055,1.28973166809028e-09,1.03906074388197e-08
"LRTM2",-4.16467898745904,-2.02504052319839,36.8085702459224,1.3031612634376e-09,1.04853590005658e-08
"APLP1",-1.60249432479436,2.115746480309,36.7817775218368,1.32119411673864e-09,1.06123355299347e-08
"DOK6",-1.60836724334076,1.19221334428824,36.7571635591661,1.33798067770545e-09,1.0719766993669e-08
"C1S",1.81509694007532,6.4252286046915,36.723871760639,1.36102574311629e-09,1.08951411079526e-08
"CDO1",1.79011256442958,3.5595698295119,36.7214634591669,1.36270813777916e-09,1.09039786983925e-08
"TMEM215",-3.17280267790207,4.93984641994867,36.7073209133971,1.37262996082129e-09,1.09787102339427e-08
"SNAP91",-2.86297788547753,-0.367097505381597,36.688706898127,1.38579911977046e-09,1.10746439194204e-08
"PART1",-4.30650529152263,-0.317754669896394,36.6793638050233,1.39245684004949e-09,1.11223991453178e-08
"PDK4",-2.05027374739638,8.71755800175935,36.653531403541,1.41103170595479e-09,1.12572025902073e-08
"CCL18",2.03791274551251,4.78398564852678,36.6331783387102,1.4258412210429e-09,1.13609292895607e-08
"CRYBB3",-1.8680354745938,-1.26069555054833,36.6030593047408,1.44804280477244e-09,1.15280840183995e-08
"MFAP3L",-1.70728374006075,2.3642543126169,36.5897716040733,1.45794726533252e-09,1.15873616551639e-08
"CD164L2",1.68082294166738,2.048807300315,36.5807534749449,1.46470786152271e-09,1.16361873600616e-08
"CCDC108",-1.85799627668316,0.400400218053516,36.5677685762176,1.47449739029653e-09,1.16991686876558e-08
"LRRTM1",-3.66538428698784,1.80855197218477,36.5324594224646,1.50145010764456e-09,1.19030014421006e-08
"TNFRSF11B",-1.83751000004126,5.44505933637815,36.5258625408582,1.5065401640355e-09,1.19326068137087e-08
"FAM162B",-1.52263560672048,0.665408232168169,36.5098681695581,1.51895302994625e-09,1.20215375820935e-08
"HLA-DQA2",1.85762761572698,4.786226790037,36.5037371758813,1.52373825908094e-09,1.20492926426988e-08
"BCHE",-3.52013588332283,2.00219611253792,36.5020070390826,1.52509135642038e-09,1.20549359543971e-08
"GDF6",-5.37337842471337,3.21608409781986,36.4868739830639,1.53697794903815e-09,1.21387131526046e-08
"SPINK7",2.36887297695052,-2.96371201736,36.4626129215196,1.5562282113639e-09,1.22753197659549e-08
"NTN3",-2.47237234700168,-2.71761071466834,36.4597399844449,1.55852370985587e-09,1.22882848089514e-08
"PPEF1",1.62169737896397,-0.77105047827178,36.4455247024242,1.56993181528e-09,1.23627212120546e-08
"ACSL6",-2.50788158383615,-0.922539323668155,36.3526239631227,1.64657380630951e-09,1.2906947774032e-08
"IL18R1",1.60546293991286,2.6127187320264,36.3224521729555,1.6722624759971e-09,1.30974209378884e-08
"IL2RA",1.62691823453768,0.968139245910865,36.3106461951397,1.68242313675983e-09,1.31715286437692e-08
"LAMC3",-2.49514639252441,1.44095423411824,36.2994469365477,1.69211876031189e-09,1.32309510034839e-08
"TAS1R1",-2.81659172309254,-1.77626998822232,36.25738131049,1.72903897411044e-09,1.34804974110546e-08
"HCN2",-3.20702044269214,0.62519103591744,36.0364942404791,1.93656387661309e-09,1.50115551817064e-08
"BTNL9",-1.65681318721079,3.77495653468843,36.0171327028885,1.95590205812591e-09,1.51489998355751e-08
"FABP4",-3.09024860333145,3.45964473184529,35.9388330639349,2.03609959736727e-09,1.57442779366562e-08
"GPR12",2.71177137898297,-2.22195475022642,35.8454752639673,2.13603523338793e-09,1.64697489651654e-08
"KIAA1755",1.65000446719004,0.793464692184676,35.8386839728696,2.14349383367535e-09,1.65205011252852e-08
"CHRM1",-2.18189191721527,-2.74293943933029,35.8055432898248,2.18026674673279e-09,1.67764851875129e-08
"ATP6V0E2-AS1",-1.58884117843967,1.84517808929393,35.7371790381719,2.25813158570069e-09,1.73331826765592e-08
"KY",-1.81243489699223,2.82420793153404,35.7122352095572,2.28723006106146e-09,1.75351204193292e-08
"OLFM2",-1.9239216627725,3.8957838227481,35.7074580589908,2.29284558704047e-09,1.75710264255638e-08
"ADAMTS12",1.59792291591777,0.812314202852252,35.6878402749616,2.31605135920738e-09,1.77056773008019e-08
"ARHGDIG",2.1164910267754,-2.41148867249128,35.6866708224449,2.31744210261592e-09,1.77091278956285e-08
"KRT71",-3.35699136383056,-2.65378758191439,35.5215045873597,2.52250288994519e-09,1.91365891420131e-08
"FGF17",-1.80375362350075,-0.141012868397488,35.5191800631017,2.52551493365232e-09,1.91516522643659e-08
"HSD11B1",1.85152970425962,0.428778295388131,35.4914999204366,2.56165996481629e-09,1.93789781929039e-08
"TREM1",1.83438240242419,3.13180284759088,35.4877050465161,2.56665556481969e-09,1.94089814311997e-08
"SLC22A16",1.97323592201872,-2.77280330243431,35.440047571287,2.63022904399974e-09,1.98499111038763e-08
"FA2H",-1.71326889240347,2.18073628551561,35.4156924368476,2.66332437225432e-09,2.00675423923814e-08
"C17orf47",-1.75232506055764,-2.43815315331034,35.3960425445407,2.69032961161706e-09,2.02548298075897e-08
"CARTPT",-7.8333296342126,4.07220507613786,35.3933892074953,2.69399709713999e-09,2.02743446208715e-08
"CFHR3",1.69259455915491,-1.99190635865846,35.3855604859486,2.70484728668244e-09,2.03235476478826e-08
"RADIL",-2.05732524251383,0.672500409187693,35.372233305481,2.7234187960939e-09,2.04386509331059e-08
"MMP20",2.32294386402381,-3.07527900193221,35.3708860098731,2.72530335308622e-09,2.04446553173026e-08
"WDR16",-1.77082904690152,-2.19009155058945,35.3110074741107,2.81039173150424e-09,2.10244067152056e-08
"RSPH4A",-1.62814895239447,0.0247846693103047,35.2976205867652,2.82977568052597e-09,2.11358681177795e-08
"IGF2BP3",-3.02767099183103,2.59769161072093,35.2938805949183,2.83521500190007e-09,2.11681082042852e-08
"PTPRN",2.38438785440308,-1.38767286220702,35.242378463404,2.91119158250376e-09,2.16924046297869e-08
"CALML3",3.76260447227724,-0.285926096128704,35.173416782331,3.01612717499539e-09,2.24123096188463e-08
"RNF175",1.60612612900528,-0.539212272851664,35.100319409958,3.13149426843377e-09,2.32420984049266e-08
"BET3L",-3.01486737800708,-1.42253134038859,35.0938704499135,3.14188215112872e-09,2.33100205875949e-08
"FAM20A",1.54944932748571,6.63239771289641,34.9914897335647,3.31149490871535e-09,2.452015004678e-08
"HLA-DRB6",1.56059264131416,4.49327609825761,34.8972659234087,3.47568592827679e-09,2.56552980109139e-08
"COX4I2",-1.630529122866,2.87164681134186,34.862337377114,3.53860129456985e-09,2.60890542061912e-08
"PTPRQ",-3.1315364462743,0.313179718198364,34.8483143881588,3.56418003642526e-09,2.626736592912e-08
"S100A4",1.61879977514058,7.53283311437582,34.8434992702014,3.57300572696924e-09,2.63221195642142e-08
"SLC15A1",-2.54189364555637,-0.583674246712297,34.5855709272025,4.07918801359169e-09,2.97719134464694e-08
"BICC1",1.74010082660826,0.948260954485488,34.4084992834689,4.46768049663371e-09,3.23567855253702e-08
"SLC6A4",-2.17172934568423,-1.76567862002896,34.3925213995516,4.50450799353711e-09,3.2598458615801e-08
"LIPK",3.15676106827464,-3.14542387194229,34.3274162340956,4.65773913774503e-09,3.36170360738014e-08
"OR7E91P",-1.82336598356992,-0.381298385608151,34.2904187625342,4.74713108492016e-09,3.41706434566303e-08
"TDRD9",-2.49332778707629,3.10668353314506,34.2857938028541,4.75842588875873e-09,3.42388720820151e-08
"FRMPD2",-2.06070322767351,0.954942951621119,34.2348838357373,4.88454806223517e-09,3.50927972824914e-08
"SPATA4",-1.52771771065911,-0.65836474018311,34.2200748147527,4.92185995738861e-09,3.53204811255006e-08
"MAGEL2",-2.09496641410093,0.402306730200119,34.1954504224731,4.98453503649339e-09,3.57023003449747e-08
"VWA3A",-3.73334454988175,-1.63099532039575,34.091840970141,5.25712356264517e-09,3.75406414405253e-08
"PGAM2",-2.03008206568221,3.14571829901741,34.0786265168682,5.29294660783345e-09,3.77250016827509e-08
"IGFL3",2.83902273384245,-3.05071373148279,34.0523839026527,5.36481411539442e-09,3.82083398955103e-08
"THSD7B",-1.60609507529814,0.679064428479996,34.023548505147,5.44490954785881e-09,3.87348810551828e-08
"PYY",-3.28135635821052,-1.82347822308917,34.0114870015026,5.47876672786662e-09,3.89463462872328e-08
"PRR18",-2.11406427404047,-1.88277808102995,34.0065376535362,5.49272070373007e-09,3.90161155639485e-08
"CEACAM1",1.5801803591717,2.24282070759206,34.005605061907,5.49535399428343e-09,3.90201180791831e-08
"DIO3OS",2.1463882986585,-3.09402188366689,34.0045221067214,5.49841344192555e-09,3.90271423972818e-08
"ANGPT4",-1.89812302161664,-0.697477793049042,33.9779086506443,5.57413730485087e-09,3.95497314531609e-08
"ERBB4",-1.71710576323277,2.85435976688369,33.9459508256266,5.66644898701858e-09,4.01895772397571e-08
"AQP4",-2.14715582035289,4.53132843097482,33.9159495388919,5.75450196413845e-09,4.0783410160879e-08
"EPHA8",-3.03827408551017,-2.73814806452435,33.9100295119547,5.77203829663267e-09,4.08777892285141e-08
"CHIAP2",1.83265747940062,-2.35776915934386,33.8422506189407,5.9766682908196e-09,4.21677210398694e-08
"ASPA",-1.88861542805137,-0.852764956423507,33.8350622301961,5.9987923307672e-09,4.22921589452593e-08
"MARCHF11",2.59744607243163,-1.43911017872906,33.8146771142166,6.06197966850256e-09,4.26738016096379e-08
"CNTN2",-2.23329232553678,-1.43114050113412,33.8012378112938,6.10400135946906e-09,4.29535773156815e-08
"ACOT6",-1.82321444215449,-2.0176069954768,33.7154860621027,6.37908359243862e-09,4.4705756090949e-08
"C8orf12",-4.23040897361364,-1.89282339525224,33.7043836726572,6.4155950196388e-09,4.49322704462255e-08
"ZMAT4",-4.14375336846555,2.81044000676402,33.6945880450132,6.44798276989308e-09,4.51215186258442e-08
"PRKG1",-1.79944581996039,1.78496741627165,33.6856598319046,6.47764516612e-09,4.53122696369923e-08
"SERPINB7",2.4367266291912,-2.48079595037225,33.6493982490657,6.59952910431467e-09,4.60964515281735e-08
"LINC00671",-2.10021562320923,-2.57497747095381,33.6394935030762,6.63321891684464e-09,4.63146085260574e-08
"SLC38A3",-2.38255210582898,2.26277539096683,33.620552246889,6.6981257329387e-09,4.67158957888865e-08
"SEMA3D",-3.65434701333965,4.79398118074006,33.4152510222007,7.44379436924179e-09,5.13842590439203e-08
"POPDC3",-4.65300517407415,0.0815036423297443,33.3631855646381,7.64576723631951e-09,5.26051109266772e-08
"CTLA4",1.91222770438932,0.820712475234203,33.3464958011581,7.71166497700804e-09,5.3000476903593e-08
"IYD",-1.86047198367137,9.77806416260581,33.3020543415545,7.88992466064723e-09,5.41466544239248e-08
"FGF5",2.65094908568594,-3.12555178534764,33.2864377731341,7.95353952175827e-09,5.45633650160796e-08
"CCDC154",-1.78810004026814,1.76387157883626,33.2483462907813,8.11087010208837e-09,5.55820149634932e-08
"SEMA6D",-1.54672486845709,3.89545578579657,33.2472484609,8.11545042621191e-09,5.55863305207762e-08
"TP63",2.00705377909434,2.41095638828766,33.2467820904963,8.11739698300959e-09,5.55863305207762e-08
"GJA3",-2.45946254121427,0.856748897082852,33.1626618708304,8.47626173358337e-09,5.78127663536591e-08
"CECR2",-2.2289073380484,-0.293877990337373,33.1612978544331,8.48220981642701e-09,5.78324121010061e-08
"HLA-DQB1",1.50152611126852,7.54427352926333,33.1604349903002,8.48597467702727e-09,5.78371636338822e-08
"RPL34-DT",-1.53289585668963,-2.36960116192676,33.1537568808515,8.51516935367562e-09,5.79942097743832e-08
"RYR2",-2.55114842302453,2.66352038538306,33.1040013740487,8.73587581959559e-09,5.93900941042251e-08
"PRIMA1",-2.66137612705654,0.582932554290991,33.0222934105492,9.11081707901875e-09,6.16500802489812e-08
"IL1F7",3.74508753960595,-1.91098341132701,33.0137635464539,9.15087636211379e-09,6.18767292606059e-08
"NCAM2",1.55617812692973,0.0319431793066548,32.9754190978078,9.33314577202376e-09,6.30639656251584e-08
"GPNMB",1.63168614941893,7.10424719630546,32.9487178848245,9.46221271659493e-09,6.38902701050314e-08
"SLC6A3",-2.3699157292298,-0.81698195523206,32.891527473343,9.74470363421969e-09,6.56800689711511e-08
"GABRA5",-2.88108965047572,-1.83527926224204,32.8806527201218,9.79936748143663e-09,6.59777413428726e-08
"PI15",1.87082317191425,-0.537963732382329,32.8462887104859,9.9741310372552e-09,6.70108048162277e-08
"DCLK3",-1.52476172142341,0.113444976577044,32.8276377975432,1.00702865901303e-08,6.75845648975211e-08
"APOA5",-3.47386846719361,-2.65628508752312,32.807823012498,1.01734599176093e-08,6.82041487790793e-08
"ASXL3",-2.71525972993734,0.0572921830581133,32.7932457178227,1.02500375655135e-08,6.85955655609018e-08
"C6orf186",-2.63367361159189,-1.90405620643171,32.746074250084,1.05018185597077e-08,7.01311666622778e-08
"MLNR",-2.97652174262461,-2.67525341134208,32.6914487137445,1.08011366260186e-08,7.19261842718837e-08
"NPPC",-3.4427764704415,-1.99753271513128,32.6369021699751,1.11085481900259e-08,7.37129005555676e-08
"SH3GL2",-3.14385768582452,1.41405903991655,32.5803588143904,1.14364672143473e-08,7.56094023158621e-08
"RBP4",1.93101525507242,0.625685427349229,32.5800186747296,1.14384688841947e-08,7.56094023158621e-08
"COL6A4P2",-2.49230781449492,-0.917683637563553,32.5517886008616,1.16058275582763e-08,7.66082146808909e-08
"PLA2G2E",2.35611276335044,-2.48713403727719,32.537845988085,1.16893872763757e-08,7.71057833919648e-08
"ZP1",-2.58362119947218,-2.40020574633174,32.5268262433134,1.17558560294814e-08,7.7517103136685e-08
"HIST1H2AK",-1.53964661047209,-1.32304333340284,32.4927160775133,1.19640103505642e-08,7.87794352528243e-08
"SYT8",2.25383154709351,-0.783133277071199,32.4887807440555,1.19882616741698e-08,7.89115604334667e-08
"SLC7A4",1.52223741948286,-0.0271173999160588,32.4444865606878,1.22646423420089e-08,8.0646333251326e-08
"RIMS4",-1.94183877990376,3.86686145455779,32.4297743299174,1.23578464474239e-08,8.11742582671898e-08
"GJB3",1.5652541455663,4.27149496249717,32.3881925881898,1.26251267933351e-08,8.27281509586209e-08
"SLC26A3",-4.09077284890367,-1.71921462914183,32.3600152802155,1.28095294453605e-08,8.37617929600891e-08
"SPON1",2.06334441587375,3.38944801591374,32.3463071760523,1.29002133703385e-08,8.42962989454497e-08
"FIGF",-1.8483074456093,-2.19242898234119,32.316540531253,1.30993505341407e-08,8.54494658372388e-08
"IL1F6",2.16217241025718,-3.21297757221406,32.2087117526455,1.38468495958653e-08,8.99830432889528e-08
"KLK4",-3.72047562933264,2.60420365694125,32.1580865584225,1.42123912137699e-08,9.22313250127332e-08
"CCL1",2.25605775528805,-3.03671361712701,32.1508452788131,1.42654614996503e-08,9.25438679254674e-08
"CHRNA7",-2.01941775476286,-0.174260153545117,32.1411295204322,1.43369788424434e-08,9.29119027630605e-08
"SOX3",-5.80876234159324,0.616640510891008,32.0550838858785,1.49862402174409e-08,9.68531369829263e-08
"PCAT18",-1.94241624185379,1.24882578635893,32.040272720233,1.51009332810365e-08,9.74607306450186e-08
"LRP1B",-3.49649616812566,2.41184803231652,32.0100828854106,1.53374437775256e-08,9.88517914850981e-08
"CNNM1",-2.51010301631028,-1.5683105627265,31.9859945067668,1.55288133706149e-08,9.98803103592059e-08
"PPBP",2.39920566344581,-0.255473943400722,31.8328551244391,1.68026301324013e-08,1.07705944663729e-07
"ONECUT2",-2.31208481312748,-0.820094543701762,31.8168184661141,1.69419350942533e-08,1.08525096974809e-07
"MT1M",-2.16562715294354,2.36985129889171,31.7984740935138,1.71027055170875e-08,1.09406245133401e-07
"KIAA1486",2.79903638527926,-0.443760455712804,31.7921989154555,1.71580513591241e-08,1.0972306113372e-07
"PIWIL1",-2.77198778812733,3.62459996670448,31.7763496773523,1.7298638645375e-08,1.10584583161278e-07
"LGALS2",2.07183108392179,0.133320118942878,31.7740949931389,1.73187318707093e-08,1.10675502788682e-07
"EN1",1.66783601998035,-1.66887241713772,31.773394585874,1.73249784965447e-08,1.10677903970471e-07
"PSG3",2.68349166340966,-1.7712488432043,31.7132420090279,1.78699597989249e-08,1.13966333602616e-07
"NAPSA",2.15255295908313,4.52341426513109,31.6855070855131,1.8126989717539e-08,1.15293525693335e-07
"ASTN1",-3.12782488086641,0.32477636165457,31.6768979348337,1.82075246295268e-08,1.15727664974996e-07
"ODF3L2",-1.54374612231214,-2.38939484567108,31.6248588473044,1.8702016322841e-08,1.18550911808406e-07
"MT1DP",-1.75233187408207,-1.18832811299038,31.6166396623221,1.8781338497273e-08,1.18933756584008e-07
"METTL11B",2.45773770382957,-3.18793209694894,31.6085449148579,1.88597891274244e-08,1.19350367448877e-07
"JAKMIP3",-1.69420313402201,-0.650406105269313,31.5518412855118,1.94186159489064e-08,1.22557665841575e-07
"UGT8",-1.78048884348775,2.01709225265941,31.5128282129106,1.98127010434964e-08,1.24896623779007e-07
"RPH3A",-3.01573836567487,-1.01187486057389,31.4992836900115,1.99513844560217e-08,1.2564182688595e-07
"OLFM3",-3.09940991574218,-1.8207176887999,31.4383075750301,2.05878656081638e-08,1.29331037135989e-07
"IL31RA",2.54812982056657,-2.31162985290481,31.4283832561646,2.06933654278393e-08,1.29907201147395e-07
"LEFTY2",-3.87741022436909,-1.07093921855381,31.3837566981198,2.11744980747147e-08,1.32662558226827e-07
"CIDEC",2.47538644176742,-2.15042647463453,31.3712678256295,2.13111401912681e-08,1.33385662312678e-07
"C14orf86",-2.07799423539366,-2.23322620356158,31.3219962930217,2.18588969513099e-08,1.36723266531551e-07
"SLC5A4",-1.67577899380012,-1.0734259527177,31.2760446409502,2.23824492562008e-08,1.39766125663431e-07
"PSG6",2.97675120714418,-2.53936851016595,31.2481550178048,2.27063177260616e-08,1.41647750420819e-07
"APOD",1.66965651054699,4.33781137995092,31.1137859420431,2.43337017143148e-08,1.51199388503053e-07
"SORCS1",-2.83472677028706,3.12249140463324,31.0773266500275,2.47950844023593e-08,1.53762148405683e-07
"SYTL5",1.82941941722108,4.80185677212856,31.0500694815887,2.51457324981395e-08,1.55782894858668e-07
"AR",-2.10324601344894,0.614077405987133,30.9596625648451,2.63447213830829e-08,1.62516586228364e-07
"HSPC072",-2.53786288272143,-2.47131451962945,30.902135399908,2.71373018739113e-08,1.66968803827342e-07
"C6orf15",1.95470348852836,-2.5191717991246,30.851678580717,2.78521111464128e-08,1.70864952597519e-07
"CCL11",2.68009807139548,-2.61939451187799,30.7600670252695,2.91985103046446e-08,1.78370160811134e-07
"STRA6",1.84498057510267,4.91622430213472,30.75288967526,2.93067089246508e-08,1.78915180261502e-07
"FHL5",-1.50188389774294,1.37957226362062,30.6448254817275,3.09851843613915e-08,1.88126472006748e-07
"KCNK2",-2.08289996890684,2.66194701363257,30.637019700206,3.11100905717684e-08,1.88824026870244e-07
"TREX2",-1.62190343173047,-1.6010641426938,30.6103125468277,3.15412798139929e-08,1.91133464176598e-07
"KIF5A",-2.883596492117,1.31084497217914,30.5924452402262,3.18330864774412e-08,1.92839764226453e-07
"BMX",-1.97281005390336,1.14832808019139,30.5685635887245,3.22273464584344e-08,1.95040107683597e-07
"CTRC",-3.47299253720252,-1.81816779706161,30.5514224245923,3.25133405161345e-08,1.96455607503259e-07
"MMP12",2.38225335820033,0.998139024713749,30.5381816219059,3.27359978913743e-08,1.97547705585207e-07
"LHX2",-6.33597257295328,1.03415914744952,30.5289718610329,3.28917694063346e-08,1.98424203791431e-07
"TRPM5",-2.02542518477526,-0.774353734942664,30.4693930905161,3.39175662073544e-08,2.04024874965234e-07
"EMID1",-1.91392351636211,5.2147796769167,30.3814718145925,3.54901881751077e-08,2.12873378134626e-07
"ORM1",-2.69215909968511,-0.473881585099115,30.3054936773051,3.69079078173579e-08,2.20955185193024e-07
"INSM2",2.1163788143584,-2.95118518271847,30.2596615297223,3.77904101054933e-08,2.25636048116361e-07
"HOXA13",-2.65084718191524,-2.70262650703579,30.2319816776827,3.83335955603174e-08,2.28691437817438e-07
"TXNDC3",-2.69861964925751,-1.04359118756657,30.2185870938921,3.85992504707605e-08,2.30057878556679e-07
"CA12",-2.26260080949437,6.52576024533959,30.2126812546464,3.87169661748571e-08,2.30686550672695e-07
"C3orf55",-1.60799422866942,1.41286104380762,30.1520003935793,3.99474931031833e-08,2.37492948590732e-07
"OR2T33",-2.00357260519928,-2.73591588160295,30.1474716496028,4.00408860728171e-08,2.37973135007802e-07
"CEACAM3",1.70409464894415,-2.73737035475997,30.1258351790691,4.04901071206589e-08,2.40264242819849e-07
"CDH22",1.80235134174602,2.27541491207177,30.0996071636217,4.10414344287697e-08,2.43153086691127e-07
"CNTN5",-2.81362690450298,-0.592617183494698,29.9389016868147,4.45876694963373e-08,2.62841383785163e-07
"SMAD9",-1.63798879869586,3.32198126639211,29.9163087334045,4.51102493477069e-08,2.65589762867886e-07
"ERMN",1.5554180547211,-1.47343933954682,29.9106702265848,4.52416232448508e-08,2.66280075370567e-07
"WSCD2",-3.24311473311036,4.17886785326968,29.9039843352559,4.53978974111512e-08,2.67033123867401e-07
"ANGPTL7",2.56254159003214,-2.33828049700815,29.8705281742991,4.61880543008142e-08,2.7151144361676e-07
"SRRM4",-3.52435966385597,-0.611402616054127,29.8637711959916,4.63493032054284e-08,2.72374396517686e-07
"HHIPL2",-3.82882302559415,1.63784725211303,29.7337876787713,4.95633943893906e-08,2.89367950148279e-07
"FAM178B",1.60128310706696,1.33041957114822,29.7141029948037,5.00692358726967e-08,2.92140276902531e-07
"PKHD1L1",-3.61080809018137,5.87966468073968,29.6915707565486,5.06546036589413e-08,2.95281567154719e-07
"DGCR9",-1.85247377171455,0.324834144916136,29.6887884900015,5.07273584899399e-08,2.95544599895277e-07
"FBLN1",1.64336306602431,5.79389326741416,29.5926445127643,5.33068421057425e-08,3.10076263526315e-07
"ARSF",-7.00996487687819,0.0298183873706592,29.5724971455136,5.38638210058331e-08,3.12924731464396e-07
"C7orf52",-3.16705231848392,1.32315713735141,29.5154888849196,5.54716225382373e-08,3.21176605679008e-07
"TIFAB",1.93549983630596,-1.26317676173557,29.4988297969657,5.59504738612827e-08,3.23750255749816e-07
"C1orf194",-3.20345969484828,-2.53924482799505,29.4926572570831,5.61289479422604e-08,3.24683315927429e-07
"ABCC11",-3.23757146360206,2.02676972286152,29.4837374127917,5.63878663458428e-08,3.26080998880929e-07
"RAET1L",1.76147961540413,-2.55963847176384,29.4406264608795,5.7656226857145e-08,3.33007104384466e-07
"PLP1",-4.30829637626433,2.38291556228405,29.4366368711489,5.7775039300388e-08,3.33591130441321e-07
"C19orf30",2.20634998249596,-3.07903725434872,29.3121429497954,6.16084132836602e-08,3.53990188120561e-07
"LHFPL1",-1.53923700592804,-0.271982024635724,29.302193276679,6.19255611068887e-08,3.55595698442603e-07
"NOL4",-2.90157982905758,0.00336641871670875,29.2865194131886,6.24284901097069e-08,3.58265417214062e-07
"LAMB4",-2.47852642705127,-1.64089314795366,29.2619672209613,6.32245381142613e-08,3.62172285788531e-07
"UNC5D",-2.92934944684066,0.318549259045378,29.2453883409842,6.37678146292339e-08,3.65062508773252e-07
"CPB2",-2.14445419630474,-2.03885508438299,29.1971983564942,6.53736653434636e-08,3.73235717460622e-07
"CCR4",1.8474937829148,-0.275441956331949,29.1909531098777,6.55847222094704e-08,3.74100811828422e-07
"SLC26A9",-1.50555323118816,1.2582129443181,29.0925345032282,6.90023693915935e-08,3.9228970680649e-07
"NPY6R",-4.51679617221524,-1.43730260650031,28.9553601464163,7.40655797045755e-08,4.17860901317207e-07
"EDN2",-1.82943452272668,0.0117386700476049,28.9253944253703,7.52202659208865e-08,4.23552106672805e-07
"SMR3B",-6.82799323860449,1.38784327499662,28.9055701779991,7.59940615254691e-08,4.27526125896193e-07
"PFKFB1",-1.97778702774675,-2.01163491515024,28.8743108469266,7.72304367424641e-08,4.33575995672702e-07
"DLGAP1",-1.80358277743437,0.0123451241452817,28.8036719083995,8.00991094899335e-08,4.48079647508672e-07
"GALNT9-AS1",-2.32319883371189,0.931070453775117,28.778830856087,8.11330891102417e-08,4.53729159272108e-07
"KLK7",2.32716372779399,5.43414216998593,28.7210709021143,8.35892795531925e-08,4.66772837125825e-07
"SLC4A1",-2.75621701269114,-2.24848453165175,28.701030816841,8.44587634793984e-08,4.71070002696337e-07
"ADCY8",2.52075742764247,3.28535378548656,28.6994557699635,8.45274833173921e-08,4.7131384664285e-07
"NXNL1",-2.20928829603297,-2.77815228649627,28.698519078167,8.45683780678622e-08,4.71402443328012e-07
"PNMA5",-2.15014992385393,-2.46691329100115,28.6078766239071,8.86209638169676e-08,4.9166639490214e-07
"HOXD1",2.24333385616552,1.86722146166977,28.5588534603667,9.08932735996094e-08,5.03088665267127e-07
"APLN",-1.72852346289293,2.74678272608243,28.5199559241643,9.27377116236347e-08,5.12394882628594e-07
"APBA2",-1.53554971821878,2.59207727389878,28.4752191777623,9.49054537906896e-08,5.23451613476326e-07
"UPK1B",2.69953845393135,-2.66489518492083,28.4341018954859,9.69425659883141e-08,5.33750366241734e-07
"COL24A1",1.55092604349183,-0.997362837932273,28.3998526151886,9.86728208109069e-08,5.42642945719725e-07
"ALPK2",2.2661866884501,-0.547170216742489,28.3874840073129,9.93052532585849e-08,5.45484450591737e-07
"SALL4",-1.60726659495919,1.02487656151403,28.3829634185131,9.95374125107119e-08,5.46441264022114e-07
"TCF15",-1.59268923433421,-0.708395896874655,28.3289093423742,1.02355908156657e-07,5.61260494639123e-07
"ASPG",-2.29735483323389,-1.08267360118984,28.1717779893813,1.11011502261386e-07,6.06429684332557e-07
"CPA4",1.72853446873647,-2.42588362860084,28.1544877514009,1.12007653797199e-07,6.11163036001391e-07
"BANF2",-3.36226198617471,-2.78297127907171,28.1428043639526,1.12685841523329e-07,6.14685614698437e-07
"SERPINB4",2.93574192413367,-2.80559606680518,28.1313041818335,1.13357413257647e-07,6.17812649532568e-07
"ADRA2A",1.53217356007239,2.61524579830816,28.1110969298946,1.14547178468397e-07,6.23936263648144e-07
"KIAA1239",-5.76670755510916,-0.362868956124048,28.1048178981669,1.14919418340588e-07,6.25421730530247e-07
"CHGB",2.42098668717608,5.32918294612811,28.0972888653725,1.15367360583907e-07,6.27316262396256e-07
"NUPR1",-1.65178427811217,7.7205357504854,28.0216036407263,1.19968635107626e-07,6.49712355371723e-07
"AVPR1A",-2.12027430153118,1.20136924882515,27.9363103590297,1.25374823825033e-07,6.77239592764908e-07
"LECT1",-4.00286038970014,3.0060343701046,27.935559489449,1.25423484909301e-07,6.77308375110325e-07
"LPPR5",2.6966729012824,-2.91529430878665,27.9193570133344,1.26478130451333e-07,6.82612572364309e-07
"SLC13A5",2.54255088579067,-1.25592074231197,27.8119862673534,1.33695246051992e-07,7.19093517424295e-07
"PDE11A",-1.75718687214828,1.15778547206493,27.7547480490812,1.37709807928607e-07,7.38579032452375e-07
"TFF3",-3.12570417724859,6.77872605880313,27.6625269563694,1.44433688036767e-07,7.72662850984431e-07
"GATA5",-4.03073485531973,1.78550968678876,27.6414232045252,1.46018065775341e-07,7.79810928044399e-07
"PDGFRA",1.5448203407393,3.38653830450937,27.5984663891318,1.49297092206921e-07,7.96645565322638e-07
"C5orf20",1.84155286625418,-0.497010307438581,27.5507795353618,1.53023683131883e-07,8.14915953220975e-07
"SCARNA7",-1.82782273092353,-2.01606537108004,27.5304109166643,1.54643711934635e-07,8.22845965958718e-07
"MTUS2",-2.04918314621213,1.05027813171745,27.463167779164,1.60114969042844e-07,8.49560201631212e-07
"MMP3",3.27796883595448,-1.49285536181288,27.4495847010922,1.61243494098325e-07,8.54585985589434e-07
"FER1L6",-4.09814594225998,0.26600282957937,27.4220323525193,1.63557174574168e-07,8.66117936818036e-07
"STMN2",2.13825892137929,1.35334675843791,27.3171610149589,1.72672115446855e-07,9.11569510054357e-07
"HLA-DOB",1.54202039662917,2.63165277453035,27.2920968255091,1.74924921567252e-07,9.22429264723312e-07
"FOXP2",-2.05147721199821,1.0796924051776,27.2510458525326,1.7867845406809e-07,9.39594481476049e-07
"SCGB1D2",-2.52740949360794,-2.69615347990102,27.2463454985675,1.79113353452488e-07,9.41618778384357e-07
"T",-4.3686721212842,-1.41186084260275,27.2157993233874,1.81965598517565e-07,9.55281387706249e-07
"LINC02249",-2.25646462165396,-0.445299371395912,27.1922758769271,1.84193086264731e-07,9.65899321908962e-07
"CNTN3",-1.81766173532529,0.96176498402257,27.1848042870049,1.84906290571681e-07,9.69100191786859e-07
"C12orf69",-1.96070434975201,-0.528267952933362,27.1827398386557,1.85103841077573e-07,9.69828922115898e-07
"LINC01257",-3.43124628298782,-2.06429332593481,27.1311347817291,1.9011134048426e-07,9.93893230950991e-07
"JPH3",1.83276191434745,0.297710452482692,27.1126048613328,1.91942331776357e-07,1.00235369491631e-06
"PPY2",-2.68712265670311,-3.07616659067655,27.0525312643903,1.98000780633652e-07,1.03113555704575e-06
"C1QL4",-1.70369115344356,2.38159689050809,27.0348871967892,1.99816339454011e-07,1.04001591148178e-06
"SERPINB3",3.39813695792561,-2.34811852912929,27.0340132641113,1.99906698783367e-07,1.04019902993763e-06
"ECM1",-2.62100684669667,7.66956596229747,27.0260865089954,2.00728149730316e-07,1.04360923296081e-06
"DNAH9",-1.59128988733388,0.705093729116222,27.010673469813,2.02335102766747e-07,1.05138405660383e-06
"PIWIL2",-1.86656075679102,-1.20313721746931,26.9816599435895,2.05395096375716e-07,1.06669651704545e-06
"PTGIS",1.53433066293249,2.52371942413184,26.966736981376,2.06987008697036e-07,1.07437199558274e-06
"PSAT1",-1.79934855984683,4.03887136113425,26.945292283329,2.09296307862011e-07,1.08605945384383e-06
"CXorf22",-2.62616309101874,-2.5658811746711,26.8167812787126,2.2368644671588e-07,1.15690998449596e-06
"LINGO2",-2.97821326661586,0.0463499833985599,26.7414175174531,2.3258244761976e-07,1.19995738985433e-06
"CHST4",1.52265056061696,-2.27750564100812,26.7213878313792,2.35005846792248e-07,1.21146574343108e-06
"SPINK5",-2.31398519789813,1.17195539604982,26.7090633600714,2.36509550092582e-07,1.21855098069018e-06
"VWC2",-3.70993932790949,-2.46618676602105,26.5986173503771,2.504229049514e-07,1.28461839568538e-06
"C9orf152",-2.23716040330727,-1.26430025770895,26.5823449057523,2.52541029291663e-07,1.29337231301452e-06
"KIAA1751",-1.53141641386632,-1.85422825919317,26.5651979544115,2.54792418975698e-07,1.30419404901707e-06
"CRABP1",-2.66538004547152,5.54823989148645,26.3069957983772,2.91231836790805e-07,1.47311580015569e-06
"FRMPD1",-1.63733549319038,-1.48293682958632,26.2793539505922,2.95430093364154e-07,1.49234944268516e-06
"WT1",2.21710768270288,-1.92332636848755,26.1917530069512,3.09139958901782e-07,1.55576788713732e-06
"ICOS",1.70238885573622,0.440943889820762,26.1838905336066,3.10401224708253e-07,1.56169839556979e-06
"TMPRSS3",-1.96405759892949,2.19171230151764,26.1649405546864,3.13462341765708e-07,1.57625822004991e-06
"SH3GL3",-2.38255298544582,-2.37603348272842,26.1622060219155,3.13906560584577e-07,1.57807106137079e-06
"SYT13",-2.06072428183222,3.99998288251836,26.1605340625329,3.14178477506995e-07,1.57901697093092e-06
"SORCS3",2.62394592466058,-3.0164123714569,26.1505591780002,3.15805643071997e-07,1.58550412335374e-06
"DDIT4L",-1.8611321742588,0.552558210046268,26.0594867826505,3.31058164060791e-07,1.6554664479772e-06
"POMC",-1.71783667244611,0.717749445885566,26.0365650471199,3.35011973790265e-07,1.67479335186796e-06
"FAM3D",-1.58139002627673,0.26813167495576,26.0279392993401,3.36512071604814e-07,1.68051008579972e-06
"NKX2-3",-3.08793335771772,-0.126054931998514,26.0056160808215,3.40425623230235e-07,1.69780525109428e-06
"NCRNA00164",-2.92731942795937,-2.44934567922197,25.9839437388297,3.44268711856388e-07,1.71606392277013e-06
"SIGLEC12",1.8933862279887,-1.06825602279334,25.9605441876677,3.4846692435168e-07,1.73515542997302e-06
"SLITRK5",-2.47121772763626,1.34891167464429,25.9583142997792,3.48869666527537e-07,1.73670212658493e-06
"MUM1L1",-1.94453624406191,3.30015846022948,25.8482140541428,3.69346277313941e-07,1.83090087297461e-06
"FAM19A4",-1.90928902811314,-2.89799381185814,25.8236031953105,3.74085767784446e-07,1.85244678073874e-06
"SFTPC",-2.67866172010376,0.237437668242783,25.8066757807577,3.7738094325417e-07,1.86680281874248e-06
"ADIPOQ",4.63505942310472,-0.882228435672773,25.7881121962956,3.81028085856619e-07,1.88336168709203e-06
"IP6K3",-1.81875463114255,2.74907027205883,25.7810131657,3.82432136685196e-07,1.88881599182324e-06
"HOXA9",-2.15947913423754,-2.02872111212742,25.7431159847158,3.90015684451491e-07,1.92224200870052e-06
"KCNK10",-1.80228023322106,-1.36031940443979,25.7255015534872,3.935916210364e-07,1.93885268873222e-06
"ATP2B2",-2.5775298726109,-1.53228598756577,25.7013239949267,3.98553530910657e-07,1.96073360248635e-06
"ATOH7",-1.62609326174735,-2.44987067861886,25.6758955957308,4.03839823667339e-07,1.98415125248284e-06
"TIMP4",-1.67878494729977,-0.248594740009589,25.6582547687574,4.07548404757842e-07,2.0002870415243e-06
"RBP5",-1.6607112380265,1.72277934429979,25.6455917283914,4.10231552074037e-07,2.01231159962782e-06
"TDGF3",-1.80713846759739,-2.85250022559579,25.64518241425,4.1031857569326e-07,2.01231159962782e-06
"ST7OT2",-2.36053999938793,-3.01708187853153,25.6440800767876,4.10553033927157e-07,2.0129377881911e-06
"B3GALT2",-2.49410186900177,0.264650893140216,25.5972378318049,4.20641101030784e-07,2.05704955554665e-06
"LOC100133669",1.50562079270301,-2.11130833028503,25.5957610160148,4.20963161104604e-07,2.05809064137552e-06
"NCRNA00175",-1.57997096872161,-2.63339850574461,25.5695280452163,4.26725350359052e-07,2.08302079362218e-06
"COL28A1",-1.77321432354197,-0.980082893213421,25.48173659213,4.46590469592124e-07,2.17323787629084e-06
"GALNT9",-1.8275725086169,2.65975104239521,25.4628540986965,4.5098283496847e-07,2.19291421326427e-06
"TSGA10IP",-1.85148824462577,0.577541575816463,25.4183933125914,4.61496926829982e-07,2.24057173953098e-06
"RXFP1",-1.97146625712599,-1.46936722078931,25.3596359581279,4.75769813558073e-07,2.30630304067801e-06
"C1QTNF4",-2.14088619692738,-0.937074968061303,25.3229228389048,4.84911678176177e-07,2.34699742156028e-06
"C12orf63",-1.76772349694933,-1.62683945840715,25.2499566239026,5.03607024877158e-07,2.42751205138946e-06
"SDK2",-1.74572779112023,2.62804127797996,25.1354963832929,5.34400615639975e-07,2.566756791349e-06
"CHAC1",-1.54830401421484,1.21179863227808,25.1282645239372,5.36408456559181e-07,2.57472181285049e-06
"CXorf30",-3.22678775623384,-2.44304536795953,25.1280480823984,5.36468665440098e-07,2.57472181285049e-06
"C6orf105",1.54639864533704,2.92283118376742,25.0792069900377,5.50229837924599e-07,2.63740984097496e-06
"NPBWR1",2.03489079851368,-2.86891185762277,25.0662418663091,5.53941888287247e-07,2.65385323455939e-06
"FAM196B",-3.35622732812741,-0.943641260362281,25.0439538513882,5.60381956531932e-07,2.68402455399898e-06
"PCSK9",1.94752188719134,-1.93044441550467,24.9756167397995,5.805995167743e-07,2.77662660837877e-06
"TMEM90B",-1.60634582434133,2.14575340003565,24.9611843946108,5.84961995681107e-07,2.79536211472249e-06
"FTCD",-2.07556012034516,-1.90042172288579,24.8233647760882,6.28312416208085e-07,2.98963797838335e-06
"CA1",-2.42447979698827,-2.85501832215646,24.7549967085637,6.50998160587664e-07,3.08667437711233e-06
"EEF1A2",-2.68584136754186,2.74399260105441,24.7408993538531,6.55777088037694e-07,3.10693060471074e-06
"CSAG1",-4.59226299027866,-0.0752017187061494,24.7242134754354,6.61478988306342e-07,3.13085661249088e-06
"CCL24",2.22571637371603,-2.81057831656005,24.7123334942984,6.65568887043579e-07,3.14705409043029e-06
"SGIP1",-1.94816224451427,3.14917315967286,24.6882177484916,6.73949311558711e-07,3.18189141535307e-06
"THRSP",-1.52407538775319,4.63602646360828,24.612625199317,7.0091018428353e-07,3.29761886551363e-06
"BCL2L14",1.69076657446439,-1.96338372026444,24.4918550844677,7.46246316008513e-07,3.49087730754156e-06
"HTR2A",1.5491902818531,-2.72861460846891,24.4667371803189,7.5603863353801e-07,3.53230243357089e-06
"SMIM43",-1.55167066055647,-1.09565037690332,24.4390320808266,7.66989086235456e-07,3.57460525431664e-06
"PLCH1",-1.58170484082505,2.65129739643504,24.3974297978808,7.8373185055146e-07,3.64093465909219e-06
"RLBP1",2.44633519367908,-3.20681237062574,24.3935862462796,7.85297053519069e-07,3.64730723156972e-06
"VIP",-1.56483729982756,-1.15311406419522,24.3799793482198,7.90863400211173e-07,3.66954388894438e-06
"KLK10",1.9194082887458,6.69990618934041,24.3754794508955,7.9271292205148e-07,3.67722047404392e-06
"C21orf29",-1.91139840120716,0.985904278494688,24.3558837980615,8.0081771397831e-07,3.71025203831878e-06
"CD300LG",-2.19854588441065,-0.167846150353085,24.3344816244636,8.09764651936402e-07,3.74709946448332e-06
"SERPINB13",2.58547836678507,-3.11963932481571,24.2675313582962,8.38404834394238e-07,3.87107713397016e-06
"SSX4",-3.43089734339173,-2.3467664799079,24.2510843877889,8.45594626539316e-07,3.90140721965717e-06
"DPP6",-2.91781292145673,3.58298296910788,24.2322385235318,8.53909138834701e-07,3.93880476763195e-06
"AREG",1.63950021803159,1.89666925683341,24.1818546962721,8.76542519387148e-07,4.03530636764017e-06
"SLC5A7",-4.49156505162772,-0.393041136356227,24.1443470383809,8.93781433905659e-07,4.10877766838094e-06
"CYP4F12",-2.00765282275363,-1.65902657051393,24.1258948419686,9.02386617658587e-07,4.14618389376059e-06
"C10orf81",2.23233034021688,-0.140454300633631,24.0180626403679,9.54361811638049e-07,4.36584054185889e-06
"FAM163A",-2.53297510092333,-0.016173358533829,24.0045791963983,9.61068554885688e-07,4.39438864824278e-06
"PWRN1",-2.18535927435287,-0.596062284175957,23.9990160316228,9.63849459721262e-07,4.40603540607789e-06
"HFM1",-1.51079473287153,0.0176769024641131,23.9160241553188,1.00630645474544e-06,4.58788132644763e-06
"TUSC5",2.13675807152518,-2.20569597047672,23.8963192012675,1.01665962048251e-06,4.63284195439599e-06
"LINC00602",-2.44767130306013,-2.52114966990402,23.8622809271665,1.03479590765157e-06,4.70979537688253e-06
"ANKRD18DP",-1.71664073494872,-2.80767185597712,23.8608514666466,1.03556461229347e-06,4.71215642552654e-06
"ROPN1B",-1.72316110529592,-1.46411450902273,23.8601489809027,1.03594258985593e-06,4.71273882817664e-06
"SPINLW1",-3.26876733561991,-1.67788214038485,23.8348112361691,1.04966863518422e-06,4.76942711749647e-06
"GJB1",-3.02020091775971,-1.76890487138391,23.8109272347992,1.06277410530706e-06,4.82316259827845e-06
"FBXW10",-1.86090179332503,-1.71545365175554,23.8020873043486,1.06766619135266e-06,4.84122068134256e-06
"CDH16",-2.85101851941609,4.36668126103777,23.7813304056273,1.07924217492226e-06,4.88848473849941e-06
"SOX11",1.78217255050695,0.858725400737577,23.7524801535947,1.0955411221812e-06,4.95635738789536e-06
"C11orf85",-2.08807571118384,-2.41412696982035,23.6606666685141,1.14907228690427e-06,5.17741652789657e-06
"RANBP3L",-1.6963653457905,0.159809575262348,23.5498704547934,1.21717620675424e-06,5.45170013060846e-06
"KLK1",-3.77575930214078,3.04287198336579,23.5429931827914,1.22153454813448e-06,5.46992144927107e-06
"USH1C",-2.94387077663184,-0.497266607261368,23.5167044556608,1.23833928490347e-06,5.53990797318468e-06
"SLC14A1",-1.58865353877657,2.64107753798817,23.4898079422185,1.25577253526282e-06,5.61257084750469e-06
"TDRD1",-2.16007358666622,-2.66814852885418,23.481243887529,1.26137491522538e-06,5.63360338825607e-06
"PLA2G3",-1.98263087909805,0.337041696212339,23.4519894246096,1.28070216757363e-06,5.71180441521126e-06
"FER1L5",-1.70093084657364,-2.27634560043212,23.4235739479236,1.29975945642788e-06,5.7844818868221e-06
"SIX2",-1.89000052074324,-0.343309121984785,23.418720892902,1.30304255385754e-06,5.79772438643433e-06
"IL23R",1.73027602838175,-3.07936310776025,23.4102293435364,1.30880711801135e-06,5.82199900631192e-06
"SPOCK3",2.42470619885103,-0.255531437913024,23.3267841621388,1.36683322711977e-06,6.05867387671337e-06
"SRCRB4D",-1.6337636954385,2.36650134867607,23.307032150936,1.38094188038664e-06,6.11689763370509e-06
"KRTDAP",-2.15489112689927,-2.50620261896781,23.2820392643394,1.39900357025824e-06,6.18817815732246e-06
"DNAH12",-1.53759332799959,-2.45355750963046,23.2557192772742,1.41828052781277e-06,6.26462617392836e-06
"SERHL2",-1.55146162654814,0.416246955501067,23.2385900604293,1.43096897928913e-06,6.31475355748098e-06
"FBXL21",-2.35500509694942,-2.23841469961933,23.2257862297829,1.44052770900405e-06,6.35263029168681e-06
"WDR64",1.73406647246587,-2.99689648804069,23.2253962808302,1.44081982905988e-06,6.35263029168681e-06
"PROX1",-1.54339451793847,0.92910626532819,23.0875337717328,1.54791046736163e-06,6.77844555881567e-06
"SLC26A8",-1.82520278408105,0.676837382070352,22.9943504977899,1.62478169436458e-06,7.08380770170239e-06
"LHFPL3",-4.24716486910774,-1.95359975542659,22.9796591361593,1.63724597775608e-06,7.13485001679558e-06
"CALCB",-3.08764643151041,2.00133675216043,22.9636861310019,1.65090646900008e-06,7.18939449147365e-06
"CD200R1L",1.76432826245604,-3.25416292202529,22.9186777942456,1.69001673622706e-06,7.34613684836349e-06
"FAM25A",2.08245263144595,-3.21606577758857,22.9006227097206,1.70596577929143e-06,7.40521917365923e-06
"CXCL14",2.15341144014011,8.57301799940644,22.893233179199,1.7125368152683e-06,7.43118765410388e-06
"SPRR1A",2.10375764957893,-3.04672234995698,22.8599272898901,1.74247012599367e-06,7.54456748167952e-06
"DNAI2",-2.10921714424186,-3.01175332969188,22.8533729540582,1.74842228009766e-06,7.56860087816329e-06
"PPP1R1B",1.61422940519154,3.7072839831507,22.758986695358,1.83643341234278e-06,7.92411139608287e-06
"INSRR",2.26630822526813,-2.58737813532317,22.7227388160528,1.87140216146347e-06,8.06024070091601e-06
"GYS2",-1.71270672003628,-2.61665133518121,22.7123693470047,1.88152802667919e-06,8.10015217149031e-06
"FMN2",-2.44558507851644,-0.328248670847485,22.7011293722693,1.89256603122429e-06,8.14395225305644e-06
"GPR97",-1.72055250831941,-0.481107358700709,22.6807489415436,1.91274618222309e-06,8.22140698296161e-06
"OCM",-1.54178315722896,-2.70575469226941,22.6790492085174,1.91443893184328e-06,8.2249322568618e-06
"LPA",-3.512713315135,-2.81544731343192,22.6755942510106,1.9178843275531e-06,8.23410506559577e-06
"CCL15",-2.92420222903488,-2.07307809480364,22.644812426141,1.94885685046965e-06,8.35756354528066e-06
"TEDDM1",-1.82517163508646,-2.85303635272843,22.6429876347847,1.95070862142067e-06,8.36360221310496e-06
"SLC7A10",-2.4826331601749,-0.783067383769347,22.63506816878,1.95876565068554e-06,8.39242046516448e-06
"SLC44A4",-2.30232925796511,2.59161516204125,22.6215312898705,1.97261504249721e-06,8.44791885078541e-06
"ABCC12",-4.36136243561175,-1.76214167334687,22.547644883124,2.04995689374286e-06,8.75131054366858e-06
"PSG8",2.76832511800265,2.34010418121235,22.5242513229438,2.07507299508188e-06,8.85442930846206e-06
"LILRA4",1.71303061881504,-1.12947917517932,22.5238365668907,2.07552106482569e-06,8.85442930846206e-06
"SMTNL2",-1.79110376890824,-1.39013115445724,22.5088998423945,2.09172237506869e-06,8.91950920940849e-06
"NLRP7",1.52003448318379,-1.10297582340404,22.4603519091349,2.14526198225189e-06,9.13541425105322e-06
"GJB4",1.63830301067033,0.962429561609754,22.4557100681177,2.15045255317572e-06,9.15338259933814e-06
"DAZL",2.16115620275143,-3.01832938746863,22.4546171268954,2.15167652648148e-06,9.15502895698757e-06
"FAM19A3",-1.51538458576865,-1.10407167354714,22.4540640123693,2.15229621989014e-06,9.15502895698757e-06
"SBSN",-3.21151902235263,0.745482490897128,22.3941782828864,2.22046058974474e-06,9.43220437987109e-06
"TMEM213",-5.43800212229775,-1.89036930722734,22.3628603997564,2.25696605765526e-06,9.57002341855983e-06
"TMEM74",-1.78886786513317,-2.37187921944946,22.3293854485667,2.296651894363e-06,9.71282403934141e-06
"DUSP26",-1.55374907857131,-0.44775232545407,22.3208408820508,2.30689347291481e-06,9.74665077350742e-06
"UNC13C",-1.63084194234835,0.222553453107854,22.2858312036242,2.3493369996495e-06,9.91042763870942e-06
"PAX1",-4.45123084010556,0.234296282591198,22.2806718038009,2.35565782102907e-06,9.93264621830463e-06
"TRHDE",1.52303061658583,-2.40062660407129,22.2754562432445,2.36206478574987e-06,9.95520799037705e-06
"FAM123A",-4.55630065713718,-2.07397333074724,22.252628360585,2.39031364490444e-06,1.00697637617293e-05
"KCNB1",-2.01410144817718,-1.80694492936907,22.2175994320725,2.43432144799518e-06,1.0248286721216e-05
"CR1",1.61995928397582,0.697615422953876,22.1896910314231,2.46996462737853e-06,1.03867439561321e-05
"PRAMEF16",-3.48967933469225,-2.89570344943242,22.1543203059621,2.51589160754864e-06,1.05586795604423e-05
"EPB42",-3.06649334757533,-2.87894351831423,22.125899558354,2.55341446449639e-06,1.07018607124691e-05
"GPR61",-1.51755658254125,0.450426754926004,22.1023501152685,2.58493092120049e-06,1.08219226574443e-05
"TECTB",-2.92949092637642,-3.01348238273508,22.0461965968583,2.66166564255531e-06,1.11135594005432e-05
"ITGB1BP3",-3.37900001886917,-2.63384084980633,22.0373218325591,2.67400058019463e-06,1.1152712154387e-05
"HIST1H4D",-1.54208017088121,-2.73060299811553,22.020740702963,2.6972003931565e-06,1.12370434943174e-05
"PSG9",2.28488440819884,-2.83755714368481,21.9957488780765,2.73255034255385e-06,1.13717525513963e-05
"SCGN",-2.47691955484904,-1.27933841572024,21.9853968632601,2.74732865979649e-06,1.14231671580246e-05
"C9orf4",-2.14762566931496,-2.73544402134179,21.9732911189694,2.76471231185055e-06,1.1480254736345e-05
"SLC19A3",1.65206247906137,-1.27359658850306,21.9463088083271,2.80385662292034e-06,1.16299901111759e-05
"CXorf59",-2.50930287693365,-2.95058630498312,21.9173379803902,2.84650503151499e-06,1.17991013311611e-05
"SAA4",2.46060032659534,-2.35935092113827,21.8695303880121,2.91831132578875e-06,1.20543394201949e-05
"HKDC1",-1.59010622251733,2.93252742943473,21.8515331421759,2.94581135808091e-06,1.21466394843704e-05
"SLC6A20",2.08856211279603,3.48480891237377,21.841879850084,2.96066869423053e-06,1.22052320628983e-05
"TP53AIP1",1.59791389809151,-2.6852374725738,21.806471966216,3.01581135955187e-06,1.24162646320751e-05
"CAMP",-2.02933969578685,0.204875688533444,21.7949006145385,3.03405455295536e-06,1.24831943326745e-05
"RHBG",-2.01951350562014,-2.98728081855563,21.7855682337606,3.04884845411567e-06,1.25413246905932e-05
"HIGD2B",-1.82359224121414,-3.07079395542247,21.7404806784319,3.12134820488019e-06,1.28115951139563e-05
"ECEL1",-2.02271562389451,1.6940768737363,21.6976474322821,3.19182477871711e-06,1.30837748920146e-05
"CHIT1",1.77297841932609,5.32757641208879,21.6742817312688,3.23094081551459e-06,1.32268612929601e-05
"BIRC7",2.05266594897291,3.06904169971887,21.6686518283809,3.24043740697293e-06,1.32628584446925e-05
"SOSTDC1",-2.40747626000653,0.0896408042045797,21.6578942002297,3.25866146828491e-06,1.33316592882177e-05
"ESRRB",-2.35466460942626,-2.07940694473713,21.6560035811573,3.26187489783794e-06,1.33419105172577e-05
"C4orf22",-1.70954657914336,-2.95523245714766,21.6523468358567,3.26809918497797e-06,1.33644698124088e-05
"C3orf57",1.53209654932062,-0.888243541976905,21.5272186650835,3.48842080389752e-06,1.42222554055095e-05
"TPH1",-1.65862326593031,-1.55754864836195,21.4873530192749,3.56169923965211e-06,1.44928025180059e-05
"IGFL4",1.72397877351259,-3.18723000415664,21.4109797648796,3.7064256766668e-06,1.50297992808179e-05
"HTR1E",-2.52618648407351,-1.84066699954277,21.3983217273644,3.73097628826285e-06,1.51130994813776e-05
"C4orf6",-2.98893496040294,-2.85130021157591,21.3961769291776,3.735152320988e-06,1.51170226610704e-05
"SCRG1",1.84313205210728,-1.84741028448388,21.367187639572,3.79205825686301e-06,1.53275905356735e-05
"KCNJ6",1.86133549744639,-2.84414587243175,21.3162628942937,3.89413817626516e-06,1.57031642564601e-05
"NEFM",1.78625813345768,-1.97819209135776,21.2874209826689,3.95317098756523e-06,1.59139823740294e-05
"FAM66D",-1.61487249691627,-0.209632155682744,21.2668415594179,3.99584057919263e-06,1.60754559536789e-05
"SHISA6",-2.02946510941235,1.02470912009207,21.2428971860988,4.04606916313763e-06,1.6256712673374e-05
"LMO1",-1.54468624956178,-2.14259306368756,21.2240167435893,4.08612142629737e-06,1.64071482701934e-05
"FREM1",1.79720177049945,-0.578595290728326,21.1919196578235,4.1551262557753e-06,1.66735717696628e-05
"DUSP9",2.09028170779443,-2.5422813706145,21.1641428674493,4.21578621590144e-06,1.68990010083296e-05
"C5orf46",1.85811618821414,-2.09354316812555,21.158356702318,4.22853366814898e-06,1.69392938189428e-05
"SH2D4B",-1.51605627514987,-1.97893943247809,21.149330053379,4.24849748867101e-06,1.70084252827407e-05
"GCGR",-4.52452723381903,0.586220078330798,21.0913244855881,4.37906207488914e-06,1.75013945804134e-05
"NTNG1",1.53540003711175,-2.03140630257714,21.0866567899757,4.38974201145599e-06,1.75315381197005e-05
"GRM3",-1.74170429539119,-2.29287065589731,21.0758381880553,4.41459616108076e-06,1.76135379531628e-05
"CXorf49B",1.55583616926949,-3.06341314230375,21.0256636913963,4.53172379092595e-06,1.80502972547086e-05
"AMN",-1.64011792453942,-1.68518735059853,21.0141777640956,4.55897234480836e-06,1.81434972861151e-05
"HS6ST2",-2.42689677817359,4.30435863817891,20.9303945134824,4.76277287698872e-06,1.88867888676885e-05
"HTR4",1.75483608165076,-2.91181822731659,20.9035163403382,4.83007132061779e-06,1.91335374104406e-05
"SLC39A12",-2.64229194487697,-1.8828499211048,20.894638659879,4.85250855848968e-06,1.92103089761964e-05
"CCDC160",-1.54714726123951,-2.38289588744235,20.8402323003983,4.99231716889768e-06,1.97265066585745e-05
"GPR37L1",-2.03909589577572,-0.68594139169385,20.8189102284221,5.04820504989275e-06,1.99306307016918e-05
"IL12A",-1.5398893645067,-1.79097562519296,20.7509336072991,5.23060724199912e-06,2.06076087202022e-05
"FST",1.87487686160849,0.583061989982053,20.7452193731049,5.24623842254574e-06,2.06605570799733e-05
"EGR4",-2.14004873829594,-1.91757721972026,20.7245477517933,5.30317786127564e-06,2.08586499146189e-05
"LIPJ",-1.87396820009127,-2.86646941209107,20.7105223005657,5.34216337657964e-06,2.09944682041441e-05
"CWH43",-2.34117752101132,2.65943143862805,20.6902586288649,5.39899738820584e-06,2.12045622421784e-05
"NEFL",-2.5990684922889,0.628289505187593,20.65063785321,5.51188209931493e-06,2.162089083152e-05
"RAPSN",1.59129119197384,-2.34812862823757,20.6391724446676,5.54498832093252e-06,2.17281479580586e-05
"C22orf31",-1.64718408401394,-2.14961508286844,20.6253722548849,5.5851009871403e-06,2.18626087644454e-05
"DACH2",-1.9300953630903,-0.00536125434052846,20.6133406334554,5.62031058235019e-06,2.19863559312121e-05
"GJB6",-1.60012235471435,2.12888340165681,20.6125795907249,5.62254519119317e-06,2.19863559312121e-05
"DIO3",1.82652410668525,-1.43688716899589,20.5385618493038,5.84419578843708e-06,2.27963540251636e-05
"AKAIN1",1.59047485839421,-2.99340953624438,20.5359350572157,5.85222102481116e-06,2.28182152553754e-05
"SFRP5",2.37183080374085,-1.69765228850875,20.4955771500161,5.97692010346783e-06,2.32515265766768e-05
"C9orf170",-1.61299123105447,-2.77190837272435,20.4921958865579,5.98748793926676e-06,2.32878321912641e-05
"AQP12B",-5.9220225526146,-2.02730040230599,20.246305925471,6.8084801139346e-06,2.62481527828006e-05
"CLEC4C",1.93576272221316,-3.06451039423171,20.2189888058089,6.90639727118187e-06,2.6609319713125e-05
"PLAC1",-1.82964430694616,-2.74622379627091,20.1702381100807,7.084668152849e-06,2.72349437229831e-05
"ADARB2",-3.33243070601387,-1.92738764494157,20.1318639574432,7.22823767369523e-06,2.77359529054554e-05
"CHRNA4",-2.53313248030518,1.11778370653817,20.0991228064057,7.35303927102191e-06,2.81861521629331e-05
"COL6A6",-2.01656496758767,-0.772762431509847,19.9788469783873,7.83036269105461e-06,2.983990245639e-05
"PDYN",1.62851680836539,-3.04992974482422,19.9756096841684,7.84363127753333e-06,2.98844253928978e-05
"PNPLA5",1.9200397013316,1.14323585569224,19.9342082962609,8.01532532933081e-06,3.05123421549735e-05
"ZIM2",-1.50221520289412,-2.56973267932683,19.9078217076348,8.12671569408993e-06,3.09067670496234e-05
"RBM46",-2.99808065999562,-1.65670589780582,19.8949061544633,8.18180359498995e-06,3.11037228015226e-05
"MRGPRX3",1.73450848265035,-3.23331383090833,19.8880328776284,8.21127243092144e-06,3.11905919540058e-05
"KLK2",-2.20146169039,0.751877756989009,19.8055640086606,8.57327483346311e-06,3.24610116811501e-05
"APOA4",-4.8871595443685,-1.33095791961147,19.7598424858849,8.78083260099483e-06,3.31574784667553e-05
"IL11",1.52164882186973,-1.74949997703686,19.7347968303152,8.89666113469475e-06,3.35439711422531e-05
"KIAA1199",1.54903984871137,3.42848493801874,19.683705012584,9.13772382574266e-06,3.43978373727837e-05
"RGS8",-3.8575478503358,-1.19138246614237,19.6237188801964,9.42913578574198e-06,3.54240868538876e-05
"TRIM36",-1.92161482873112,2.97954682733853,19.5633711713033,9.73172147603281e-06,3.64736408083838e-05
"IL6",1.75156358649464,2.17142884312659,19.5372210585465,9.86584888496065e-06,3.69542982672915e-05
"AMHR2",-2.13194424134763,-2.461052444515,19.4442964749822,1.03576677755044e-05,3.86582365677706e-05
"GPR158-AS1",-3.0247780117152,-2.946169732672,19.4326744749581,1.04208866726392e-05,3.88755408334553e-05
"SSX3",-1.73084519300176,-2.51748927067652,19.4029255098379,1.05844796553503e-05,3.94267161554364e-05
"OR2L13",-2.18789832761409,-1.99993343127448,19.3839396298758,1.06902307547531e-05,3.98049042442436e-05
"RNASE13",-1.50924093894927,-2.67116470340236,19.3222815974804,1.10410382613973e-05,4.09896914737813e-05
"TRIM74",-1.53160161564268,-1.00033918998805,19.3164582073829,1.10747624702177e-05,4.10987051355403e-05
"SPERT",-2.88327307415332,-2.50641002602507,19.2356424705217,1.15536005489463e-05,4.26657154845713e-05
"WNT3A",-2.72876130119184,-1.59287914920556,19.2260642543903,1.1611712991923e-05,4.28630845476564e-05
"CALML6",-1.582365502623,-2.85557635316056,19.1855490213055,1.18607893284737e-05,4.37401409273055e-05
"KCND3",-1.60345309162255,-1.88558198187822,19.1343390099594,1.21833059035796e-05,4.48242940855351e-05
"MAFA",-2.55946785165199,-2.28190672235193,19.0946208142279,1.24395003442074e-05,4.57222578453886e-05
"TRIM29",1.55258093772578,4.30925739638192,19.058646257034,1.26762137380788e-05,4.65560065050189e-05
"SLC35F4",-2.37829171969716,-1.78288538454365,18.9973505727442,1.3090008489627e-05,4.79916063878739e-05
"SLC24A2",2.46700226964822,-2.71996326119997,18.9652325983431,1.33122194277306e-05,4.87115606854771e-05
"GPHA2",-1.91251662800066,-2.97483301952883,18.9646970644574,1.33159564975717e-05,4.87157795249799e-05
"CPXM1",-1.82362809132404,4.75357737250477,18.9490982811433,1.34252716482119e-05,4.90966481303766e-05
"CRCT1",2.00294036393459,-3.07704734514358,18.9315508091855,1.35493206427917e-05,4.95118807439252e-05
"C10orf27",-2.69158410180093,-3.11670705494566,18.9087603029642,1.37121545060539e-05,5.00777870492304e-05
"ARMC3",-3.16928296735458,-2.235545183775,18.9067704396924,1.37264646544248e-05,5.01203392727517e-05
"CACNA1B",-1.88755064188793,-0.390472997196288,18.87178633787,1.39805178104468e-05,5.09099327337345e-05
"MUC6",-1.54808309908776,-2.37798529347894,18.8318945478796,1.42759784249813e-05,5.18756255334904e-05
"C3orf51",1.69976340162396,-3.24804466473961,18.7863506126741,1.46209773472127e-05,5.3047472084229e-05
"PRAMEF8",-2.42156581544931,-2.89391613714086,18.7718398397535,1.4732647118275e-05,5.34217856267977e-05
"C1orf158",-2.87803463836426,-2.1350069562994,18.7618703894794,1.48098645261583e-05,5.36708123889151e-05
"ADAM22",-1.51366559562001,0.525090585230424,18.7443478196519,1.49465703047371e-05,5.41246145572231e-05
"CTNND2",-2.35796485118642,0.235758199594395,18.736021148716,1.50119759946436e-05,5.43301538589022e-05
"C1orf168",-2.02590603451187,-0.0645185899849084,18.7056287363545,1.52531563463027e-05,5.5086686482854e-05
"ODF3L1",-1.7161671130861,-0.0638852891212222,18.6686362935158,1.55519692749767e-05,5.60691766631977e-05
"AZU1",1.9678112309554,-1.0885083367629,18.6129999060028,1.60124907765078e-05,5.75643547137159e-05
"C2orf39",-2.07272382865382,-1.97455276308875,18.5991234929491,1.61294692811855e-05,5.79247744630901e-05
"GREB1",-1.90082002301931,2.5309601660766,18.5713442904239,1.63662342574822e-05,5.8701721503435e-05
"OVCH2",1.60485016430749,-3.21802401572171,18.557229629645,1.64878692932117e-05,5.90817927990168e-05
"PLEKHG4B",-1.67008752771913,2.85180041552542,18.5499643018859,1.65508328268845e-05,5.928487563223e-05
"SLC5A5",-3.6165894879457,3.8632530685993,18.5287280601617,1.67362606606456e-05,5.98699346188756e-05
"PGA3",-1.97687751255668,0.0608819438728739,18.5147253209094,1.6859668137789e-05,6.02423168562544e-05
"PCDH11X",-2.47399618541952,-1.24938581906151,18.4692546511051,1.72667440780269e-05,6.15574303233325e-05
"CLLU1OS",2.10707373155683,-2.79065093804913,18.4381238485784,1.75511220632014e-05,6.24290100255608e-05
"TUBA4B",-2.03799472735855,-1.62166012914385,18.3739188982261,1.81525764561461e-05,6.44103842181943e-05
"MMP8",1.70521535926722,-2.74211174632315,18.3469343472253,1.8411500020171e-05,6.52186393048223e-05
"SLC1A2",-1.54151038870677,0.262061609117269,18.3426257500455,1.84531842157237e-05,6.53294702037227e-05
"LIPF",-2.98941988348446,-2.91701120951551,18.3346673827668,1.8530428120382e-05,6.55783050357502e-05
"FAM26D",-2.93462584504935,-2.45352584606025,18.3232139599285,1.86421654902707e-05,6.5955378413802e-05
"CXCL6",2.13047445535022,-2.48921170983643,18.2918252756223,1.89518689337563e-05,6.69691908414572e-05
"AADACP1",-1.81838237361227,-1.28390791795265,18.2532886283784,1.93391769787596e-05,6.82482524154952e-05
"CFHR1",3.28509668511457,-0.523805830186637,18.2046007498661,1.98398994779205e-05,6.97814307903968e-05
"KLK9",1.81103726695592,-3.21967709557498,18.2045667137835,1.98402540333401e-05,6.97814307903968e-05
"RAG2",-5.19820667585952,1.94564643418928,18.1958414895349,1.99313553836713e-05,7.00626350350498e-05
"LBP",2.72079344235504,-1.54898357082026,18.1094806225798,2.08560416550168e-05,7.30542729989552e-05
"SEZ6L",-2.16490449533187,-1.14644471629826,18.0761646371791,2.12241779807029e-05,7.42196630109832e-05
"GBA3",-2.23872759225836,-1.14049918611187,18.0644725377141,2.13549155874339e-05,7.45800053083185e-05
"HEMGN",-2.02373510954475,-2.36194864357791,18.0342764583158,2.16963146256313e-05,7.56881797413771e-05
"PGA5",-1.97169534260949,-1.20956901808945,18.0200012471847,2.18596148466895e-05,7.62014532340588e-05
"LRRC66",-1.53469739320757,-1.06211944383177,18.0117122082374,2.19550028048963e-05,7.6505677056914e-05
"RASSF10",-1.97313393117843,-1.42449215986488,17.9692701042104,2.24500072214001e-05,7.80862612800434e-05
"GSDMC",-1.869189537965,-0.414346210625313,17.9480193363287,2.27020533617041e-05,7.8861085309535e-05
"GALR1",-1.74490284627686,-2.42318569172877,17.9360594465981,2.28451527287378e-05,7.93289407334988e-05
"KRT1",1.55000494573245,-2.40105190451163,17.9195372691244,2.30443316168879e-05,7.99322428043369e-05
"PDZD3",-1.60009639234976,-2.74380432472894,17.8685114188218,2.36705437731422e-05,8.18183152202561e-05
"MYT1L",-1.96564252262526,-3.04828216662978,17.8298812786263,2.41559785063843e-05,8.32672347416998e-05
"C1QL2",2.09384649143332,1.25017818953157,17.8101941892697,2.44072060244072e-05,8.40563843573484e-05
"CST1",2.85219573710208,2.04680376195107,17.7613728321155,2.50416038604383e-05,8.60211946022198e-05
"PKNOX2",-2.00091718190801,3.88740706098505,17.675491639138,2.61980469502606e-05,8.96995243563954e-05
"CBLN1",1.51753610153842,4.30256185356131,17.6650497685079,2.6342264062865e-05,9.0095131007462e-05
"KRT25",-3.59168321960783,-2.97646125477273,17.6365715443504,2.67396568015002e-05,9.13052001488648e-05
"TRIB3",-1.61774310841863,5.19833608894154,17.6259669960008,2.68891700054389e-05,9.17658640373886e-05
"LAIR2",1.52399644073241,-1.86973142041693,17.6140875985091,2.70576551425402e-05,9.22428700226829e-05
"GNG8",1.54065555730298,-3.23571567759196,17.503600797312,2.86764058904393e-05,9.72840748329246e-05
"PRG4",1.55755970276309,-0.287060969726416,17.4957848929121,2.87945370272507e-05,9.76496873606277e-05
"TMEM195",-1.98889626504137,-1.60625425876811,17.4922705341359,2.88478130098477e-05,9.78127645434621e-05
"BCMO1",-1.92000945561335,-2.64489947627098,17.4590721121824,2.93559986234089e-05,9.93928315460675e-05
"BHLHE22",1.50751465420981,-0.449622780102351,17.4151401933823,3.00423450229835e-05,0.000101497901142166
"AKR1C1",-2.15813629479972,3.79598410192015,17.4032474819336,3.02309025735169e-05,0.000102015345375396
"OCA2",-2.14739884557586,1.43032275262736,17.4030915392913,3.02333829096295e-05,0.000102015345375396
"NCRNA00200",2.79241874990939,-3.14597284569666,17.3837072401699,3.05432968828331e-05,0.000103005766160138
"PTPN20B",-2.21606736358142,-0.214678860236225,17.3729823394524,3.07161352296272e-05,0.000103477587803598
"STAC2",1.72194232907469,-0.546245142472172,17.3566220179811,3.0981687157328e-05,0.000104279015584708
"ANKRD66",-2.45961000028351,-3.18523617302372,17.3147380090914,3.1672088637558e-05,0.000106431767378831
"TBX22",-2.42126228582032,0.0388587758608461,17.2738148010607,3.23615860838379e-05,0.000108478062029252
"EPHA5",-2.55666066220211,0.105581310626819,17.184937122218,3.39114614886354e-05,0.000113250464478964
"FRMPD2L1",-4.1961772704221,-2.50048745826023,17.1795622482641,3.40075475455886e-05,0.000113490934028932
"CXorf41",-1.71831534355125,-3.01823641126683,16.922838127995,3.89303719468721e-05,0.000128374212339065
"FOSB",-1.78393817604869,8.37700260121391,16.8879203940633,3.96531308006323e-05,0.000130597627857009
"AQP2",-1.82323996993151,-2.22040052989591,16.8576544938023,4.02905067661884e-05,0.000132465405224308
"GREM1",1.70435122046313,2.73318313630363,16.840440587992,4.06576023313768e-05,0.000133509339688402
"SCN3A",-1.53552770702427,0.26272366905841,16.8190772812486,4.11178654839619e-05,0.000134793874853138
"GRP",1.88381511270696,-0.301464487448098,16.8189657090962,4.11202829556756e-05,0.000134793874853138
"HOXA11",-1.83864162862865,-1.70527496882524,16.769952418064,4.21962098138097e-05,0.000137984899810918
"HBA1",-1.80248115954089,3.83255218321322,16.7626366043991,4.23592144044355e-05,0.000138485539086698
"GLRA3",1.60081851343909,-3.22124778373205,16.7599842454993,4.24184681888624e-05,0.000138615524752372
"GAP43",1.82638781841989,3.49718699197104,16.6940713657809,4.39180329975678e-05,0.000143118886442549
"ELMOD1",-1.92113416395601,-1.89732519528254,16.6899087795131,4.40145046577735e-05,0.000143408475943371
"SLC5A1",-2.54246239548726,-0.712162414978791,16.6866671428925,4.4089780022768e-05,0.000143604100378235
"WNT11",-1.58944161832543,1.05823331775396,16.6754072753388,4.43522570294626e-05,0.000144409110452406
"SLITRK3",-1.6756319729511,-1.88503924902069,16.6633009283196,4.46362190751796e-05,0.000145208283348626
"VWA3B",-1.73549843464027,-2.90963350851623,16.6401823634871,4.51835677651241e-05,0.000146760961321178
"C21orf90",-1.6628033639476,-2.54961357024803,16.6338067109341,4.53356995697762e-05,0.000147229734416782
"CCL25",-1.5612679078242,-2.32481592294709,16.6107008353319,4.58913654485e-05,0.000148726838823298
"OR3A2",-2.27867094289333,-2.66547783447488,16.604514708187,4.60412922781291e-05,0.000149187081819747
"SGCG",-1.94591294806468,-2.09416007116859,16.5831696175063,4.65624028479128e-05,0.000150590910703183
"NPY5R",-1.71366911806641,-1.90622383282677,16.5635036046295,4.70477685352389e-05,0.000151926093255623
"DEFB1",-2.22794177475551,1.41351906947389,16.4896130957966,4.89173264531339e-05,0.000157423939620089
"OR2L3",-1.87152612269005,-3.1559840386013,16.4706699374629,4.94085357345475e-05,0.000158869131104842
"KCNMB2",-1.6562975265574,-1.39343203676442,16.4611707879656,4.96567193283105e-05,0.000159612697830743
"WFDC12",1.76509839837445,-2.96564237712511,16.4195702311239,5.07584645643838e-05,0.000162765533928859
"ADCYAP1R1",-2.2565028471887,-1.08883255628544,16.3160386905332,5.36082942544703e-05,0.00017123408391821
"BPIL1",-2.23425948586055,-3.02324447289458,16.3149107090217,5.36402134458522e-05,0.000171307014040523
"SLC38A8",-2.10646926904214,-3.21053617504571,16.2736072508008,5.48222599017179e-05,0.000174697302851113
"MDGA2",-2.12704591972081,-2.89714686305616,16.2491108508474,5.55356510851569e-05,0.000176642162014068
"MT1IP",-1.60512133286292,-2.94023595509805,16.1766527489676,5.77009173612653e-05,0.000182973539797237
"CACNG1",1.85175557941769,-2.83232669665733,16.1399057959401,5.88312727721839e-05,0.00018624469425713
"C1orf64",-2.52695374669362,-1.19363618478421,16.1390742255857,5.88571083653887e-05,0.000186295199278762
"BARX1",-2.1979918524084,0.0141003427430568,16.0706866877554,6.1021331093939e-05,0.000192338092924751
"C15orf2",-1.56666823886446,-0.784823366248616,16.0448571069435,6.18594147041664e-05,0.000194686758932044
"SLC7A14",-2.87809460359945,-2.91682691359417,16.0236995148518,6.25545264103773e-05,0.000196677440274922
"PRG1",1.51295937207554,-3.22657477304054,15.9805922627939,6.39951781849689e-05,0.000200838538229238
"BRSK1",-1.5321825823202,1.54522938506198,15.9275081510532,6.58151960672953e-05,0.000205933290665668
"TPTE2P3",-1.59405661314394,-2.21528683889053,15.9198129880661,6.60833151834217e-05,0.000206669319482061
"SLC30A10",-1.80300199511743,-2.97043710249709,15.8541797462144,6.84152573102166e-05,0.00021339583567376
"PRSS21",1.51298549533657,-2.03667104694691,15.8046272838664,7.02305404601867e-05,0.000218551691772109
"TACR3",-1.76594237073611,-3.19669632580325,15.7866854386805,7.0899695560677e-05,0.000220597633389979
"SCARNA10",-1.88712443590503,-1.55736901323647,15.7415661753545,7.26109365881078e-05,0.000225141673776153
"OR11L1",-1.69422603887794,-3.1581645434283,15.663325243874,7.56774807488741e-05,0.000233306928385572
"NEUROG2",-3.17096132015247,-1.95518696663267,15.641621773658,7.65509723824993e-05,0.000235884101234861
"HMGCS2",-4.01924839110238,-0.0333756876939678,15.6179589887385,7.75148821380157e-05,0.000238542369909545
"GJD4",-1.87033990645859,-2.59995476442242,15.6144954790457,7.76569899056642e-05,0.000238940684462474
"CXorf65",1.54158385473535,-2.84012493234086,15.6121545393086,7.77531870500043e-05,0.000239158603730899
"TMEM190",-3.47415132946926,-2.81372792071591,15.6045708707517,7.8065649716806e-05,0.000239963089590939
"PIP",-3.04189441971173,-1.96068373663553,15.5071537413092,8.21936027915647e-05,0.000251626144824063
"TRIML2",1.52618310496508,-3.26811480664992,15.471749823283,8.37476282309004e-05,0.000255843507925609
"ARMS2",-1.63142218704662,-3.07931951206679,15.4540951677939,8.45335768887373e-05,0.000257951924814904
"OPN4",-1.66921507143774,-1.7144937472297,15.4517886670754,8.46368041486415e-05,0.000258225122481015
"OGN",1.64960121274997,2.40995816609709,15.4010850519692,8.69383586358551e-05,0.000264946966861161
"CIDEA",2.18024294203115,-2.87270395685143,15.3799293068327,8.79171904332466e-05,0.000267756845565035
"C21orf15",-1.88403750269912,0.10149963017512,15.3628969245573,8.87132950025137e-05,0.000270006948238196
"SLIT1",-1.74897476450895,6.59633112248603,15.3203757558169,9.07325667267426e-05,0.000275396932528184
"LGALS7",1.58741046274623,-0.722893602176065,15.2410438009405,9.46244074077103e-05,0.0002863337605859
"PCP4L1",-1.82324698334697,1.24684276667606,15.2381556963098,9.47692176275306e-05,0.000286679924697402
"PASK",-1.55852853313326,6.25276263049979,15.2259093080286,9.53857361178952e-05,0.000288406078154701
"VSX1",-1.75899906806579,-1.87080364545067,15.2206983992559,9.56492908318936e-05,0.000289017539792091
"LOC572558",-1.59019803026009,-2.6696068305142,15.2004584364159,9.66799472123029e-05,0.00029189788034054
"NR2E1",-4.12771470998163,-1.9520151391177,15.1955345153455,9.69323679906418e-05,0.00029261313072211
"ANXA13",1.74551243193064,-3.09722316144724,15.1789912375959,9.77853130502134e-05,0.000294716022641507
"ELFN2",1.69624363862387,2.57949664892964,15.1568466183271,9.89388886943597e-05,0.000297954621352407
"C16orf73",-2.17519128920372,-2.59374184865371,15.1565434476709,9.89547763736897e-05,0.000297954870499409
"SSX6",-1.77911211757019,-2.63899430998465,15.0693379031021,0.000103633051002407,0.000310998133953738
"RASSF6",-1.51128845607024,1.1681471861286,15.0549698481569,0.000104424932907642,0.000313175124908506
"LRRTM4",-3.17347300151637,-2.57961090790969,15.0496193440616,0.00010472137462376,0.000313964273919709
"FABP3",-1.54855640238301,3.69572145568178,15.025327297797,0.000106077950057001,0.000317476030238859
"CA8",-1.89011680178959,-0.0978205818331357,14.9567332160357,0.000110004801956238,0.000328082665160417
"C9orf171",-2.2086155134852,-2.70574492928778,14.903181784501,0.000113171944952,0.000336995341373416
"WIT1",1.72576002485043,-2.93004609377263,14.9016810361928,0.000113262012327921,0.000337157027697137
"MIR205HG",1.8233467046714,-0.0641889530210676,14.7891788156516,0.000120223408832142,0.000355689218974191
"PSG5",1.99343109159875,-2.2966698068431,14.7688345002088,0.000121527512619557,0.000359378300847669
"PAPL",1.5769197725697,-2.86694189269297,14.7538571653475,0.000122496676620209,0.000362187476104796
"HBG2",-2.03767194053416,-2.0405195645684,14.7099230043868,0.000125384721381182,0.000370030176499379
"KRTAP2-1",1.5482030695992,-2.93846014136901,14.6201758587277,0.000131499149413793,0.000386682571322544
"SERPIND1",-2.34412969291439,-0.655131634846339,14.6075740808403,0.00013238141104053,0.000389155521742722
"CHL1",-2.05628591883792,2.53884903400531,14.5511490763051,0.000136405437757516,0.00040011129805581
"JSRP1",1.80851216424872,0.735608263561146,14.4672034240532,0.000142621223440281,0.00041678736696577
"SLC4A10",-1.55138294333311,-2.24547840935831,14.4323278752712,0.000145286733426956,0.00042372300410968
"SLURP1",1.58131723707689,-3.23549037910952,14.4170101383481,0.00014647325569006,0.00042691926658457
"ELANE",1.88127302029216,-1.43638811783013,14.3790086716446,0.000149459179458481,0.000434480254610837
"RNF186",-3.16604801252103,-2.90656856456525,14.3017551091551,0.000155719621791232,0.000450802566033216
"MORN5",-2.06300707061885,-2.97144294620365,14.2813563598128,0.000157416318160316,0.000455225100469132
"MYF5",5.33262306934059,-2.87335632058351,14.2237524506034,0.000162308810371958,0.000468295943240306
"PTGFR",1.50359049835585,-1.44948768243439,14.2161457150036,0.000162966221360265,0.000470048837987106
"WFDC6",-3.23970113069477,-2.96669247358334,14.2066874789179,0.000163787389506306,0.00047233014626743
"GRIA4",-1.51408328422748,-2.48590727140746,14.1886277424697,0.000165366936865977,0.000476535844359125
"ZFHX4-AS1",1.56555701813354,-3.13801906006634,14.1759885627855,0.000166481506597776,0.000479527786460088
"ATP2B3",-7.03866421963417,-0.10339129656548,14.1658956971875,0.000167376963608733,0.000481959755300418
"NTRK1",2.23921287281132,0.504703013973287,14.1357296868961,0.000170082367288314,0.000489077606485555
"ALAS2",-1.69114051587505,-2.50375700432585,14.1297155134089,0.000170626984760111,0.000490419258529901
"MAT1A",-1.70011380284849,-0.328941704644208,14.0723501670659,0.000175910841949609,0.000504222471101417
"NKAIN1",-2.70694833389823,-0.187904825411946,14.0526053635259,0.000177767388110369,0.000509156912892232
"PSG7",1.58692535135172,-3.2064112074639,14.0407525960665,0.000178891335937172,0.000511987166401635
"RTP3",-1.62093271628435,-3.09115293604961,14.0192643730941,0.000180947256765363,0.000517556923765835
"TCEAL2",-1.52838061669607,3.99155547452551,13.988995354124,0.000183883736344651,0.000525079702752099
"BHLHA15",-1.62331182429916,-1.53201958031564,13.9873638792516,0.000184043366618689,0.000525455936316149
"GLRA2",-1.89417314414965,-3.09603046280982,13.8333858765062,0.000199755101465096,0.000566283183882704
"LIPC",-1.51705299309308,0.162301336557587,13.7575333493256,0.000207985033583304,0.000588110672433244
"LMX1B",-2.1869528877461,-0.148360771384586,13.7451862926891,0.000209356646731294,0.000591634163420529
"TTLL6",-1.72381964150479,-3.08036766723747,13.6877386009263,0.000215859245520012,0.000608550694862161
"PKHD1",1.61142862940691,-1.8615843024682,13.6871218252451,0.000215930152443727,0.000608659574442157
"ATP12A",-3.4776146411971,1.67466665191176,13.648689347069,0.000220395109122097,0.000620595757605643
"DLX6",-1.76538293241185,-0.664676506135331,13.6164324012286,0.000224214350270967,0.00063059658829006
"DEFB129",-2.22780436069637,-3.22830028447863,13.5986477347711,0.000226348514626031,0.000636029542067364
"NOX5",-1.84386028408371,1.44010741296836,13.5293292708116,0.000234863970584156,0.000657898302147474
"SLC22A24",-1.6247268693348,-3.25595938429987,13.5052575051456,0.000237895998745463,0.000665304163825763
"HOXB9",-1.88200304074461,-2.77920921580083,13.5032922847759,0.000238145268550313,0.000665902492244215
"GNAT3",-2.54547197802712,-3.09884271663604,13.4871991109417,0.000240196465517325,0.00067084203969372
"C15orf43",-2.84648760262411,-3.11012638038244,13.4817835684546,0.000240890713798776,0.000672183501559283
"B4GALNT2",-1.7825004956841,0.870969806212995,13.4117341255466,0.000250055138942245,0.00069569649931216
"KCNN1",-1.64083212566999,-1.20728762035578,13.4001830456278,0.000251599744176843,0.000699787308530812
"TEKT1",-2.5410936268022,-2.79364200353942,13.3936975080545,0.000252471198920858,0.000702003988503836
"TCN1",2.23233089339199,1.22453396006716,13.3444752182179,0.000259185079022695,0.000719610767265958
"AKR1C2",-2.2797804787265,3.46954407076069,13.3304249037985,0.000261134341243403,0.000724489271688099
"CPA2",-1.81286104295541,-2.85910237229469,13.293117902163,0.000266382118622289,0.000738071090574278
"ANTXRL",-1.89860190951548,-3.01131995974325,13.2914114556376,0.000266624681688229,0.000738634606787142
"IL1RAPL1",-2.17491178668005,-2.82655128061782,13.2850000182652,0.000267538027628196,0.000740838263344117
"HECW1",-1.93677716280814,-0.564655267664353,13.269612783615,0.000269742915213452,0.000746505202231944
"HYAL4",-2.84815353477165,-2.56005346121735,13.2017648968039,0.000279685610541143,0.000771303851656177
"FUT9",2.03228415315335,0.167024708003494,13.1059813653424,0.000294354436707425,0.000808092302433141
"LHCGR",-2.12240584206925,-1.89456762613913,13.0934314385269,0.000296333028527675,0.000812948398079253
"MMP23A",3.96189549287009,-2.59751461774979,13.0759993303803,0.00029910360155409,0.000819816966632408
"SLC45A2",-1.74086721472455,-1.70864843336176,13.0087418120868,0.000310040188612502,0.000846960967355874
"RHCG",-2.47389682745573,-1.99441948239067,12.9216770924372,0.000324798723146304,0.000881503449155998
"SLITRK2",-1.89271112277889,-1.16121636976428,12.9025166033034,0.000328140627473231,0.000889575368007672
"FETUB",-1.92410786196566,-2.76627548585788,12.8958014719307,0.000329320044312906,0.000892387735430056
"SLC28A2",-1.72273972910469,-3.0969706080318,12.8743874534953,0.000333109738421919,0.000901620213744439
"OLFM4",-1.99384135817046,-0.678058145193557,12.8575306010591,0.000336123851022006,0.000909125801932118
"GPR142",-1.96146564295254,-2.603077045144,12.8213296082357,0.000342690107025022,0.000926221347331285
"GDF10",-1.8865471267598,1.48049005310308,12.8210511058757,0.000342741120940721,0.000926226435202763
"CALB2",1.71810110053215,0.332088817675368,12.8073516533526,0.000345259957728049,0.000932098055719488
"CSF3",1.91343046333702,-0.509153470450352,12.7921995625811,0.000348067631939489,0.000939408875779991
"CHRNA2",-2.14101276494121,-2.002628921165,12.759389755237,0.000354226443910362,0.000953982417228305
"LRRC26",-1.5897600442378,-2.85329809522869,12.7367286632983,0.00035854427558955,0.000963821001484985
"CLEC4G",1.58676657869596,-1.5483698204357,12.7336533819464,0.000359134314490658,0.000965131874095207
"UPK1A",-1.81388322090569,-2.97857665869726,12.6538933958375,0.000374784365074785,0.00100275828134968
"RNF17",-3.64605693414724,-1.97507218075363,12.6194586674343,0.000381751869943635,0.00101923045633443
"CLEC2L",-1.82255805005407,-1.92508422727084,12.5992776963997,0.000385895854426659,0.00102898283559425
"UGT1A6",-2.42990149038272,-1.98036798378677,12.5945109458756,0.000386881271359096,0.0010314645350957
"RMRP",-1.61187729019242,1.18954189544693,12.5112814115163,0.000404502075252769,0.00107449247888759
"SPATA22",-2.40097330742075,-2.67290560603344,12.4167051218885,0.000425510317865037,0.00112538166559928
"LINC02159",-1.53091854777085,-0.637730494637601,12.3964920255747,0.000430141161089822,0.00113731012186049
"TBX5",-2.114871080971,-0.63177406904883,12.2413260570257,0.000467425981664813,0.00122728615687257
"CCL19",1.86040299943286,3.70594271705759,12.2329892485145,0.000469519153899123,0.00123175272603761
"CYP2W1",-2.10216077736765,0.0378616719595713,12.2323334786804,0.00046968420269558,0.00123201427427537
"FAM83E",1.57444637111155,-1.17295067485096,12.2238038748948,0.000471836335182855,0.00123731514687261
"C9orf135",-2.36271607888006,-2.60626290495733,12.1816566956833,0.000482617616423522,0.00126365379233559
"TSPAN19",-2.01360485346009,-2.91181655574317,12.1630842632744,0.000487447052858164,0.00127541316314811
"SNORD10",-1.60656102498297,-2.93332887871076,12.106017832311,0.000502593546315487,0.00131213038846968
"UPK3A",-1.94488079427452,-0.482995138552666,12.0691635165106,0.000512626963467145,0.00133665885411931
"DACT2",-1.83708042174106,-0.376080878683617,12.0518953599095,0.00051739746199746,0.00134779286355895
"MGC26647",-1.55164203386758,-3.2136648979684,11.9911423813757,0.000534540119029943,0.00138880241509819
"C20orf85",-4.22386121888227,-2.73272909853144,11.9891916421651,0.00053509996041349,0.00139006537876741
"ISL1",-3.40947366009463,-1.04668288972529,11.9305304439644,0.0005522145148763,0.00143018931645116
"KCNJ3",-2.98201829198017,-2.00320555851939,11.9007283316064,0.000561119995265489,0.00145205684979341
"LIX1",-1.5868118071408,3.39847161677455,11.8801879339952,0.000567342162950736,0.0014669502751265
"PGLYRP4",1.72172496015798,-3.04141902303843,11.8714688382704,0.000570004399221573,0.00147342971810299
"TFF2",-3.12478736397892,-2.08701143307478,11.8479088873095,0.00057726131483955,0.00149034926148387
"NELL1",-1.77437630502089,-3.12446260653511,11.8401199754578,0.000579680909747547,0.00149577669183695
"NPPB",-1.53578678972361,-3.20431808114237,11.7947757604572,0.00059397165843728,0.00152805045099067
"RPPH1",-1.60673635185606,1.40227148719764,11.7435746673918,0.000610536469625606,0.00156767005249005
"PPY",-5.03317173471073,-0.149960898791218,11.7139599466125,0.000620329718542829,0.00159043327267366
"ZNF804B",-2.61141297853019,0.739354725859762,11.7121650249863,0.000620928352214879,0.00159175160401889
"PSG4",2.35352460232858,-0.622227594241022,11.6906486968088,0.000628149952865654,0.00160917011977488
"PAX2",-4.420597567668,-0.0874514428956902,11.6781704989147,0.00063237685392691,0.00161889848590849
"FGF10",1.74524073325801,-2.92313074657661,11.6382885940329,0.000646080176040655,0.00165106458976799
"AQP12A",-3.07912958275974,-3.16597828523919,11.5102551202007,0.000692132779381732,0.00175779161483287
"TREH",-1.69146413750149,-0.573475467159257,11.4545646604117,0.000713185950128883,0.00180590752610204
"GLP1R",-1.65175968247087,0.94318389965519,11.4421288810848,0.000717974848360027,0.00181705757031591
"IGF2AS",-3.52950786838152,-0.62818152518688,11.4111802065285,0.000730034402585256,0.00184478499143084
"SNTN",-3.10640356352794,-2.18078953587293,11.279371226297,0.000783730966889178,0.00196631570239483
"CNTFR-AS1",-1.70579722919627,-3.22040812877639,11.2166694539284,0.000810658503382044,0.00202793711594457
"C6",1.50583143715715,-1.4190073062251,11.1835020986052,0.000825278541146276,0.002058501066114
"CSHL1",-2.68026240903591,-3.213148718881,11.1577189548629,0.000836827526833345,0.00208454975368158
"BRS3",-2.82641059711705,-2.92205922531167,11.1187551194449,0.000854591265024467,0.00212599030459768
"A2ML1",-2.05096408909516,-2.50102506664453,11.1139604814749,0.000856803332280341,0.00213093092614103
"LOC644669",-1.82746688185832,-3.12364836951182,11.0772234571715,0.00087394562767378,0.00216898669996131
"CALY",-2.20860994647005,-2.43692942186878,11.0487386161861,0.000887475584058127,0.00219880269557942
"FGF21",-4.15577569107094,-2.87002053679841,11.0371781505848,0.000893026893773825,0.0022113940629744
"GABRA4",-1.85157671401658,-2.99601707397561,10.9545951013197,0.000933717732391206,0.00230368363971195
"SPRR2A",1.50543587943958,-3.06773800549658,10.8491691594022,0.00098840093758717,0.00242369074862036
"USH1G",-1.63261065579585,-2.83765941529661,10.844401817515,0.000990948861300217,0.00242899075974928
"TMEFF2",-2.12420022500424,-2.87410708544153,10.8350186687162,0.000995983138702009,0.00244006161543993
"MADCAM1",-2.0790921085853,-0.971775999799998,10.8013423878617,0.00101426520304467,0.00247905193929705
"CEACAM16",-1.58537666716491,-3.23765234414603,10.7794121572016,0.00102635271543025,0.00250599681275625
"R3HDML",-1.98871570524244,-2.94660304990458,10.7431179324751,0.00104667835093658,0.00255165915839344
"KLKP1",-2.42984362359603,-2.41989956934996,10.7091624623932,0.0010660627638848,0.00259455399235169
"HOXA11AS",-1.6461877427832,-2.31342389385703,10.6095008725557,0.00112508055844484,0.0027255228331794
"C14orf180",-2.30406286655143,-2.27155493797628,10.5808600178275,0.00114264491202378,0.0027641655179613
"C6orf176",-1.89867678378707,0.535875819281748,10.5592891000415,0.00115605648437173,0.00279445785913269
"SPINT3",-2.3281037734037,-3.23750332695226,10.5406675168209,0.00116776236554709,0.00281986116501777
"DRD1",-1.56618921251565,-2.2995666530025,10.5220607894327,0.00117957870564185,0.00284256906030425
"TPSD1",1.57816035851622,-1.84959495348642,10.5125581811575,0.00118566000420852,0.0028553988757459
"GLB1L3",-1.87855319640852,1.08167282507979,10.4909286960884,0.00119962058570807,0.00288643870858565
"MYOT",-2.39368317827199,-1.07111874609825,10.487608270074,0.0012017784077385,0.00289089275777546
"GDPD4",-1.52961535117991,-2.9336370336012,10.4712815871178,0.00121244578860561,0.00291357909583085
"SCGB1C1",-1.76978236359807,-3.26367597889495,10.4637102694741,0.00121742513784562,0.00292442643968727
"DMRTB1",-2.52733589281962,-1.50598774987801,10.452296125316,0.00122497090173975,0.00294067890482589
"NCRNA00051",-1.95814682703796,-3.23608898179305,10.434413111741,0.00123688844895779,0.00296588921899674
"DSG1",-2.72053312230485,-2.70832174292366,10.4031357957215,0.0012580149948029,0.00300927530542117
"KIR2DS4",-1.54798283290279,-2.36807464210035,10.3677824364459,0.00128233485139367,0.0030616231786314
"SYCE1",-2.65898576816394,0.672479519639328,10.348885216651,0.00129552900056661,0.00308999401805184
"C20orf114",2.04652717008773,0.513949187910734,10.298082778751,0.00133168494199041,0.00316901344690774
"TBC1D3P1-DHX40P1",-2.00639565270797,-2.74628108425769,10.2770959497657,0.00134691778158673,0.00320404971841932
"SHD",1.68738031491545,-2.8456731972496,10.2687707578498,0.00135300919862301,0.00321719871054243
"CCL3L3",-1.54344502931404,-2.0985995521078,10.2667960917934,0.00135445811912311,0.00321954916929882
"SYNPR",-1.93829320848591,1.95397287149175,10.1998615217273,0.00140451200202415,0.00332950532532213
"SLC47A2",-1.68474498296121,1.14988322802394,10.1866884182994,0.00141458133548414,0.00335056277730839
"CDH19",1.64017755013058,-2.35729567110236,10.1738027416578,0.00142450168212738,0.00337031949190077
"CD5L",-2.35869155219994,-1.20145113995873,10.1355328831902,0.00145438192247329,0.00343454941782118
"PHEX",-1.72018631982432,3.62487358826114,10.1088012791629,0.00147562911955316,0.00347818956761893
"ADAM6",1.59231468341396,11.0546710944461,10.0525446104451,0.00152137653661021,0.00357395519852656
"C3orf66",-2.44803771786474,-3.12343597031288,10.0324084469441,0.00153809793390483,0.00360649530472311
"ODAM",-2.64343714308603,-0.424727684864405,9.96889853203442,0.00159206707884765,0.00372239223247375
"KRT85",-3.14190064470807,-0.259333471773029,9.96660234894847,0.00159405385310403,0.00372611323480685
"CYP4F8",-3.13856257352362,-3.00205540025687,9.89174633722556,0.0016602173719808,0.0038659113014553
"VGLL2",-4.54670372791354,-2.74246736169246,9.86713742625815,0.00168257090053477,0.00391071712697343
"WFDC8",-2.76849831219476,-2.30843304697207,9.80760564396081,0.00173791624769565,0.00402743664432187
"BARX2",-1.59772761036171,-0.777739886088573,9.77731081364436,0.00176678530280707,0.00408931080767573
"KLK6",1.62258468415185,2.5046802658478,9.75246418058691,0.00179082500396472,0.00413834677307463
"ACOT12",1.56244826388626,-1.66185966638715,9.73568406557274,0.00180724743601593,0.004171372035198
"DSCR8",-1.68860095041531,-3.24864471118519,9.68990116736862,0.00185283505471983,0.00426075218975094
"CDHR4",-1.84732726796919,-3.04822789476926,9.67581580835645,0.00186709347135525,0.00429144673518521
"ATP6V0A4",-2.09186422287384,-1.87734028074331,9.6706848025421,0.00187231511094452,0.00430135077644725
"CPLX2",-2.46378440335135,-0.622375992651098,9.50485453274297,0.00204929004299603,0.00466810245173528
"CTXN3",-1.75651640651684,-3.05366026438602,9.43480076580062,0.00212906217654386,0.0048346278188635
"CRYM",-1.64642322743232,-1.92210215839315,9.43186913562852,0.00213246832844472,0.00484035468488871
"C1orf87",-2.22715160154168,-3.08372009153228,9.43174628679705,0.00213261118251038,0.00484035468488871
"SPHKAP",-2.78137375252439,-0.996153710709187,9.16200502617534,0.00247091692539892,0.00553227148190266
"AKR1B15",-2.38443041960694,-2.11571782928655,9.10734879888611,0.00254584596934612,0.0056804696667195
"CASR",-3.22405454731735,-1.73111476287604,9.04753329325473,0.00263049484400841,0.00585064756951941
"LINC02893",1.95342237817216,-2.03674211902324,9.01001092536075,0.00268504814306808,0.00596424267622474
"LRFN2",-1.64815800213016,-1.14043428218225,9.00309299892569,0.00269523075257431,0.00598545060048662
"GATA4",-1.90682720276504,-2.84021318614805,8.96688888519623,0.00274916326365029,0.00609230349668924
"TDRG1",-1.56447226392437,-3.24592852787248,8.88479809064063,0.00287554841977729,0.00634107367056281
"ADH4",1.59380700239176,-3.10485842773726,8.84100428156646,0.00294537025488189,0.00648366651623464
"SLC6A15",-1.8548500854296,-2.44631154215374,8.7449171131168,0.00310466213127909,0.00680017317286782
"TRHR",-1.51644654341206,-1.78241143081558,8.70952051722458,0.0031655245677717,0.00691580358693151
"SMR3A",-1.63954098702958,-2.0149892633298,8.67408706101975,0.00322766505088172,0.0070360709457935
"NOS1",-1.81266322891861,-1.94785740782211,8.59867253331674,0.00336408123337505,0.00731062356329526
"AQP10",-1.54088782980856,-3.13874784350668,8.52270935430548,0.00350741933242352,0.00759410465772922
"RALYL",-1.56850309247061,-3.19034959711972,8.51458456577876,0.00352311343615462,0.00762108255862156
"TMEM174",-1.67161823245292,-2.99281515812332,8.48221645439747,0.00358634889251081,0.00774276790215459
"RGS7",-2.3898920591633,-2.80010511854347,8.37595788300951,0.00380217108354311,0.00815362635274198
"GPR128",-5.23388888633258,-0.801377762072608,8.34993269481902,0.00385701617300224,0.00826249121730334
"GLRA4",-4.26386941900569,-2.8579001469044,8.22618640802796,0.00412902034204503,0.00879054675191788
"ARX",-1.60592134839524,1.17288373506999,8.22372475978216,0.0041346249198616,0.00880148475488153
"MYF6",2.0116327180713,-2.64606174176834,8.22100015382523,0.004140837216434,0.00881271880833299
"SMPX",1.59707851697972,-2.39797784224554,8.17050490371565,0.00425770531845459,0.00902984145162627
"LOC150622",-1.88881671332115,-2.77450987733421,8.09631673303289,0.00443553031359208,0.0093711327436779
"NUP210L",-1.52812637101885,-0.972977051289253,8.04810803703799,0.00455512010689405,0.00959905256596989
"CTRB1",-2.46251583720367,-2.82440740486771,8.03369150374681,0.00459151668868304,0.00966710661325136
"GATSL2",1.54525900873126,-2.15393865230954,8.00853280005134,0.00465574438859006,0.00979139817198793
"C18orf2",-2.76963207486965,-2.34049995284635,8.00758934809801,0.00465817065118626,0.00979540804419
"C1orf92",-1.58295809343093,-2.8498927923826,8.00509967297029,0.00466457949998231,0.00980232446033514
"TTC29",-1.57991378002651,-2.77614526146652,7.92108047659099,0.00488620830361198,0.0102202151270047
"PAEP",1.57340911474621,-3.02106106414015,7.91715634978306,0.00489681792917292,0.0102389986247524
"AMELY",-2.53016391593521,-2.74603272978621,7.81100889552994,0.00519289050162236,0.010787478979238
"SCRT2",-3.70517495980292,-2.4103276884214,7.78691597787227,0.00526259507947782,0.0109106392211939
"COX6A2",-2.77774739144975,-2.30179816277261,7.61881122900024,0.00577625520591703,0.0118737283984241
"WIF1",-3.64472345282937,1.95356966346995,7.60497866278627,0.00582073528826758,0.0119534315527691
"ORM2",-1.96785798826627,-2.50354719394942,7.59585774374068,0.00585025557518317,0.0120101293807419
"ALPP",-3.13192968997313,-1.50627596804937,7.57996018834785,0.00590207437672447,0.0121059630236111
"SALL3",-2.24032821320312,-1.49064162483565,7.51608512717786,0.00611504358802982,0.0125046970085192
"SLC30A8",-1.91252522821646,0.0399181532718478,7.45915037407099,0.00631147887478838,0.012861744648958
"ALPPL2",-2.03199437391365,-2.25487873143933,7.44908991421758,0.00634685324253815,0.012919865816686
"PAX7",2.92860672921441,-2.53470130993092,7.43833735175025,0.00638488496767309,0.0129916731150106
"REG3A",2.93500962891687,-3.25274495136211,7.37113628377783,0.00662790401985941,0.0134166484035638
"KCNG3",-1.52642420763933,-2.66709950378486,7.36564120122722,0.00664818892201542,0.0134533767236834
"CALML5",2.04197129800768,-2.81935647863002,7.28474913325908,0.00695424416441575,0.0140065610029451
"KCNG4",-1.88800650440031,-3.11170147779402,7.20363383576372,0.00727561122571906,0.0145899183945597
"TNNI3",-1.7421262871173,-1.27388867755185,7.10074599878334,0.00770518757707057,0.0153468775703047
"PLD5",-1.54919241217727,-2.09390030664644,7.00832760855434,0.00811314320866636,0.0160600717500556
"MRAP",-4.91765146007644,-2.1087203957922,6.79377930029253,0.00914760493888671,0.0178501861409681
"GPRC6A",-1.68335850717782,-3.09345352682743,6.70404135184245,0.00961946339470908,0.0186819948405332
"DAZ1",-2.28515192580245,-3.13274644594188,6.68082112578077,0.00974557205244642,0.0188957651272982
"MYL3",-1.52757434141338,-1.35805408393306,6.20544649250917,0.0127357820004961,0.0240962427010591
"CA9",-1.73920836838853,-1.3337166088649,6.18356527578339,0.0128942207373868,0.0243666649299535
"OBP2B",-2.78160381651673,-0.111498211817184,6.17132218979975,0.012983753637966,0.0245186540702128
"SNORA74B",-1.52745123990706,-2.78994519572665,6.14521308828392,0.0131768287143973,0.0248409574923818
"SCGB3A2",-2.16897403870911,-1.4636100357762,6.11361180616905,0.0134144726285572,0.0252334502088965
"MYH6",-2.08603208324334,-1.65979345344463,6.10226261518221,0.0135008911428233,0.0253858767030227
"NCRNA00230B",-3.76293308620137,-1.73686361459724,5.9668987846965,0.0145768949126737,0.0271464608212708
"FOXR1",-2.50184480698235,-2.78434089724201,5.96557244017671,0.014587863851698,0.0271642047937783
"LIPI",-2.01948618010608,-0.182004501647031,5.89497076112485,0.0151841816409165,0.0281273648712349
"KLK3",-1.86629373039248,0.623919654904129,5.893013690212,0.0152010645671705,0.0281531063189212
"INSL6",-2.1239275643054,-3.11329282727607,5.85757530900429,0.0155101462299189,0.0286495470043535
"CSAG3",-1.51356640016054,-2.82320914284194,5.80034223976202,0.0160230554503256,0.0294756675789948
"CTRB2",-1.65214010116761,-2.20717325148179,5.78507850308233,0.016162776056448,0.0297037097110701
"FAM183A",-1.76820024929975,-2.66797799793002,5.7398472078803,0.0165842351355557,0.0303687227562405
"ROS1",1.86710158639169,-0.611279072001304,5.60221915031116,0.0179377425609298,0.0325375082034685
"MAPT-IT1",-2.01296480972617,-3.03004175223799,5.58161038747747,0.0181500257702819,0.0328624938360886
"PENK",1.54541079927067,2.54654829114376,5.28428276728994,0.0215187538835055,0.0382998062888827
"FADS6",-1.84153280834772,-2.50419107509104,5.17257819704474,0.0229461362271645,0.040598832487518
"IHH",-1.98987854594821,-0.450174420019886,5.12712689977872,0.0235546868508632,0.0415507585395784
"CLEC4M",1.55714789718962,-1.65617803565694,4.89362135613749,0.0269560878939223,0.0469230072923568
"PCA3",-2.00592842637074,-2.80831917559215,4.88533536319738,0.0270857721042039,0.0471182961805345
"NPY",-2.07829459251517,2.39416563478022,4.82599760688424,0.0280336375634442,0.04856107096812
